,Learn Result: Max Loss,Zero Loss,Random,HMM(2),HMM(3),HMM(4),HMM(5),HMM(6),Max Gain
0,-129485.69999999978,0,-952.7533333333243,7993.399999999965,10847.799999999988,10847.799999999988,10847.799999999988,10847.799999999988,140333.49999999977
1,-119410.79999999987,0,-516.9766666666692,0.0,1611.600000000035,1611.600000000035,1611.600000000035,1611.600000000035,114482.09999999985
2,-118403.10000000005,0,-1659.6699999999935,0.0,0.0,0.0,0.0,0.0,110697.00000000004
3,-148177.49999999994,0,37.07666666667259,0.0,0.0,0.0,0.0,0.0,120671.9999999999
4,-124005.39999999997,0,588.9800000000045,0.0,10786.699999999837,10786.699999999837,10786.699999999837,10786.699999999837,115357.49999999993
5,-122001.1,0,1435.3566666666593,4723.899999999965,10914.600000000151,10914.600000000151,10914.600000000151,10914.600000000151,127726.19999999995
6,-120554.50000000012,0,565.463333333321,10135.899999999965,10457.799999999988,10457.799999999988,10457.799999999988,10457.799999999988,129907.6000000001
7,-92031.1,0,-3073.8566666666643,24976.5,24976.5,24976.5,24976.5,24976.5,116169.10000000003
8,-69921.09999999993,0,868.2699999999968,0.0,0.0,0.0,0.0,0.0,66995.09999999995
9,-81517.29999999974,0,354.98666666667606,0.0,0.0,0.0,0.0,0.0,75328.69999999974
10,-74166.60000000054,0,-608.6833333333367,1399.1999999999534,2485.0999999999185,2485.0999999999185,2485.0999999999185,2485.0999999999185,76651.70000000049
11,-97798.00000000017,0,-206.10000000000096,1666.2999999999884,4633.899999999674,4633.899999999674,4633.899999999674,4633.899999999674,99552.60000000017
12,-111254.79999999952,0,-1839.5599999999977,17001.20000000001,17084.599999999977,17084.599999999977,17084.599999999977,17084.599999999977,128339.39999999951
13,-86138.59999999971,0,-307.5600000000074,0.0,1844.300000000454,1844.300000000454,1844.300000000454,1844.300000000454,78951.59999999974
14,-107724.59999999941,0,313.2466666666708,0.0,1002.9000000001397,1002.9000000001397,1002.9000000001397,1002.9000000001397,103737.7999999994
15,-107048.59999999913,0,-835.2333333333396,22018.199999999953,24078.399999999674,24078.399999999674,24078.399999999674,24078.399999999674,128956.19999999908
16,-87649.4999999996,0,-183.10333333333497,2222.600000000035,5162.399999999907,5162.399999999907,5162.399999999907,5162.399999999907,88857.39999999962
17,-89863.40000000018,0,-410.75666666667286,0.0,2063.199999999604,2063.199999999604,2063.199999999604,2063.199999999604,75580.10000000024
18,-81321.0999999995,0,915.3933333333262,4336.599999999977,7861.700000000477,7861.700000000477,7861.700000000477,7861.700000000477,85891.29999999946
19,-94292.10000000036,0,-319.18000000000274,0.0,0.0,0.0,0.0,0.0,80739.10000000033
20,-103048.20000000007,0,-267.0866666666722,0.0,0.0,0.0,0.0,0.0,97704.10000000011
21,-116134.09999999945,0,1082.4433333333338,10220.5,10220.5,14927.199999999953,14927.199999999953,14927.199999999953,125618.9999999995
22,-104286.90000000002,0,-184.19333333333392,0.0,1520.4000000000233,1520.4000000000233,1520.4000000000233,1520.4000000000233,103785.40000000008
23,-115185.90000000033,0,686.1633333333253,0.0,2532.9999999998254,2532.9999999998254,2532.9999999998254,2532.9999999998254,108480.40000000037
24,-126494.29999999935,0,-151.73999999999796,0.0,3666.500000000058,3666.500000000058,3666.500000000058,3666.500000000058,121951.59999999938
25,-92932.20000000023,0,2.5100000000020373,1610.0,4094.4999999998836,4094.4999999998836,4094.4999999998836,4094.4999999998836,95075.20000000026
26,-126467.4000000007,0,2346.0633333333317,0.0,0.0,0.0,0.0,0.0,106081.70000000071
27,-162264.90000000014,0,506.7599999999972,2761.7000000000116,15509.499999999593,15509.499999999593,15509.499999999593,15509.499999999593,164195.1000000001
28,-158307.80000000042,0,-3392.096666666667,21828.300000000047,21828.300000000047,26226.40000000008,26226.40000000008,26226.40000000008,179425.30000000042
29,-141853.5999999998,0,29.240000000002812,0.0,226.6999999996624,226.6999999996624,226.6999999996624,226.6999999996624,136989.3999999998
30,-172164.80000000034,0,-97.34666666666453,12544.899999999965,12544.899999999965,17383.0,17383.0,17383.0,183853.5000000003
31,-137301.60000000047,0,2705.8866666666654,15027.399999999965,15245.099999999977,15245.099999999977,15245.099999999977,15245.099999999977,152546.70000000042
32,-125853.0999999999,0,-1845.746666666666,8403.100000000035,8914.299999999988,8914.299999999988,8914.299999999988,8914.299999999988,134767.3999999999
33,-139863.90000000008,0,-1625.3266666666702,0.0,5911.20000000007,5911.20000000007,5911.20000000007,5911.20000000007,140478.6000000001
34,-138554.60000000036,0,82.44000000000233,3284.8000000000466,8349.699999999779,8349.699999999779,8349.699999999779,8349.699999999779,141560.10000000038
35,-134229.5000000004,0,-1181.4033333333257,0.0,10227.899999999849,10227.899999999849,10227.899999999849,10227.899999999849,130651.90000000039
36,-144782.6999999999,0,-643.5366666666669,0.0,0.0,0.0,0.0,0.0,132156.79999999993
37,-181478.39999999973,0,-1167.783333333328,2537.5999999999767,12163.29999999958,12163.29999999958,12163.29999999958,12163.29999999958,184015.99999999977
38,-204223.00000000012,0,505.17999999999785,0.0,0.0,9413.299999999988,9413.299999999988,9413.299999999988,199957.70000000013
39,-212931.3999999998,0,-978.376666666673,0.0,0.0,0.0,0.0,0.0,201627.8999999998
40,-205639.90000000026,0,-996.7933333333252,0.0,0.0,0.0,0.0,0.0,177515.0000000003
41,-305633.5000000002,0,1181.3099999999931,14096.700000000012,14523.5,26988.499999999884,26988.499999999884,26988.499999999884,320157.0000000002
42,-194720.50000000017,0,-783.1333333333338,24365.0,24365.0,29701.5,29701.5,29701.5,219028.00000000017
43,-177776.99999999953,0,-633.9099999999962,10861.0,20524.300000000163,20524.300000000163,20524.300000000163,20524.300000000163,186338.49999999948
44,-225011.2999999997,0,-2926.296666666671,0.0,4154.300000000221,4154.300000000221,4154.300000000221,4154.300000000221,209153.69999999966
45,-274062.2999999999,0,2765.3366666666793,0.0,10202.900000000664,10202.900000000664,10202.900000000664,10202.900000000664,274663.6999999999
46,-284565.10000000056,0,-1274.1099999999958,22503.79999999999,35048.399999999965,35863.80000000016,35863.80000000016,35863.80000000016,307068.9000000005
47,-209233.5999999998,0,952.0400000000009,5872.900000000023,11684.900000000198,25623.699999999953,25623.699999999953,25623.699999999953,214667.29999999976
48,-278578.0999999999,0,-2010.0566666666662,-284.29999999993015,10915.100000000326,25867.29999999999,25867.29999999999,25867.29999999999,275138.69999999995
49,-335338.10000000003,0,595.6999999999898,0.0,8508.100000000268,13851.29999999993,13851.29999999993,13851.29999999993,328350.2000000001
50,-682309.3000000003,0,-2818.5466666666684,0.0,1379.600000000035,4050.9999999998254,4050.9999999998254,4050.9999999998254,669715.8000000003
51,-258952.99999999988,0,-630.4900000000004,43233.49999999994,43233.49999999994,47522.100000000035,47522.100000000035,47522.100000000035,302186.4999999999
52,-205322.90000000014,0,-257.5266666666648,17221.699999999837,17221.699999999837,17221.699999999837,17221.699999999837,17221.699999999837,209215.60000000012
53,-144342.69999999984,0,-1919.6133333333273,19306.50000000006,23493.20000000001,23493.20000000001,23493.20000000001,23493.20000000001,166341.2999999998
54,-238519.99999999965,0,201.77666666667452,2887.8000000000466,2887.8000000000466,11899.499999999884,11899.499999999884,11899.499999999884,212970.19999999966
55,-203201.69999999984,0,1841.3133333333317,10389.400000000023,19416.699999999953,19416.699999999953,19416.699999999953,19416.699999999953,222514.3999999998
56,-295619.2000000005,0,-584.8066666666637,12880.900000000023,14025.0,14828.199999999953,15046.29999999993,15046.29999999993,310665.50000000047
57,-185432.80000000005,0,-481.000000000017,34987.09999999998,36863.399999999965,36863.399999999965,36863.399999999965,36863.399999999965,222209.90000000005
58,-159289.80000000016,0,1275.10333333333,-702.1000000000349,1183.9000000000233,1183.9000000000233,1183.9000000000233,1183.9000000000233,143623.20000000022
59,-177149.49999999968,0,448.89000000000186,11397.899999999965,11650.700000000012,11650.700000000012,11719.900000000023,11719.900000000023,188869.39999999973
60,-159395.09999999974,0,-953.9166666666764,15915.399999999965,15915.399999999965,15915.399999999965,16125.700000000012,16125.700000000012,175520.79999999973
61,-132274.50000000035,0,1569.7533333333315,9467.5,9467.5,9467.5,9467.5,9467.5,141058.10000000033
62,-145874.70000000007,0,356.2133333333356,486.3999999999651,1171.0,1171.0,1171.0,1171.0,121347.00000000004
63,-210863.60000000015,0,1261.0699999999972,4397.000000000058,5142.5,7417.400000000198,7417.400000000198,7417.400000000198,208556.70000000013
64,-236079.60000000006,0,1537.006666666668,26282.800000000047,26282.800000000047,26282.800000000047,26282.800000000047,26282.800000000047,258701.80000000008
65,-266345.0999999995,0,1538.3000000000077,32482.699999999953,35076.0,50069.80000000022,50069.80000000022,50069.80000000022,300949.19999999955
66,-166160.30000000034,0,988.6700000000104,19987.29999999993,20341.099999999977,20341.099999999977,20348.79999999993,20348.79999999993,186509.10000000033
67,-105249.90000000034,0,1148.060000000005,1771.4999999998836,1858.3999999999069,2020.7999999999302,2140.6999999999534,2140.6999999999534,107390.60000000034
68,-133751.2999999998,0,-288.63666666666296,-382.20000000006985,-382.20000000006985,-122.5,0.0,0.0,121778.59999999986
69,-147290.40000000002,0,1057.25,67.30000000004657,544.0,731.5,731.5,731.5,145536.8
70,-189186.1000000003,0,-402.0533333333369,30314.699999999953,30469.900000000023,30469.900000000023,30529.400000000023,30529.400000000023,219715.50000000023
71,-146003.90000000029,0,-2134.3333333333235,4554.699999999953,5572.099999999977,5572.099999999977,5572.099999999977,5572.099999999977,151262.70000000033
72,-116624.59999999999,0,884.1866666666562,60.999999999883585,482.5999999999767,1588.900000001071,1588.900000001071,1588.900000001071,101933.00000000003
73,-127915.40000000015,0,474.0066666666656,3560.899999999907,3560.899999999907,16098.400000000023,16098.400000000023,16098.400000000023,131348.00000000017
74,-130550.90000000033,0,885.2766666666721,11732.400000000023,11937.199999999953,11937.199999999953,11937.199999999953,11937.199999999953,141348.50000000035
75,-147616.70000000065,0,-742.8900000000067,-632.2999999999302,-2.799999999930151,10765.800000000047,10765.800000000047,10765.800000000047,142398.90000000066
76,-120241.69999999991,0,286.7900000000009,-211.19999999995343,221.30000000004657,221.30000000004657,221.30000000004657,221.30000000004657,110172.99999999996
77,-150638.00000000023,0,-469.8333333333309,-1648.9999999998836,-446.10000000009313,3830.200000000652,3830.200000000652,3830.200000000652,145383.6000000003
78,-143877.99999999953,0,369.1233333333342,123.0,498.69999999995343,498.69999999995343,498.69999999995343,498.69999999995343,131565.3999999995
79,-154759.39999999973,0,-504.6433333333359,9591.599999999977,9591.599999999977,13768.400000000023,13768.400000000023,13768.400000000023,164986.7999999997
80,-139227.79999999984,0,-230.13000000001193,1125.5999999999767,1185.0999999999767,8344.199999999953,8344.199999999953,8344.199999999953,139251.5999999998
81,-139403.70000000024,0,-168.87333333332694,2626.20000000007,3383.3000000000466,17120.700000000303,17120.700000000303,17120.700000000303,142971.4000000002
82,-161612.89999999927,0,-1500.8499999999865,792.4000000000233,792.4000000000233,792.4000000000233,792.4000000000233,792.4000000000233,143098.59999999928
83,-167455.39999999985,0,-1419.3699999999978,-533.4000000000233,-366.19999999995343,-141.09999999997672,0.0,0.0,153351.99999999988
84,-174332.89999999994,0,1585.4400000000048,17815.59999999986,20396.699999999953,29060.999999999534,29060.999999999534,29060.999999999534,194153.7999999999
85,-133156.0000000007,0,-1313.4066666666695,792.9000000000233,826.4000000000233,826.4000000000233,826.4000000000233,826.4000000000233,128854.60000000072
86,-135644.79999999967,0,-399.1066666666641,26304.100000000093,26304.100000000093,26304.100000000093,26304.100000000093,26304.100000000093,160440.2999999997
87,-98609.4999999999,0,52.4333333333343,694.7000000000698,694.7000000000698,1784.8000000000466,1784.8000000000466,1784.8000000000466,99207.89999999994
88,-101256.00000000028,0,-1605.610000000003,-85.5,-4.800000000046566,-4.800000000046566,0.0,0.0,88457.10000000028
89,-106144.49999999997,0,1041.5299999999963,2277.5999999999767,2277.5999999999767,2385.999999999767,2385.999999999767,2385.999999999767,108081.89999999995
90,-87954.19999999991,0,-374.6866666666659,7711.400000000023,8028.70000000007,8142.0,8226.400000000023,8226.400000000023,96180.5999999999
91,-98951.20000000024,0,505.346666666667,373.29999999993015,755.9999999998836,824.5999999999767,824.5999999999767,824.5999999999767,99110.80000000024
92,-109575.80000000031,0,-1022.6966666666607,-116.0,207.90000000002328,2898.199999999837,2898.199999999837,2898.199999999837,106074.80000000032
93,-140829.3999999995,0,2942.8566666666616,-559.5,-112.5,-112.5,0.0,0.0,112378.09999999954
94,-92621.39999999978,0,109.47333333333033,49.20000000006985,49.20000000006985,107.70000000006985,107.70000000006985,107.70000000006985,82328.39999999975
95,-128122.00000000012,0,631.6366666666703,4305.099999999977,4305.099999999977,8191.500000000116,8191.500000000116,8191.500000000116,131770.1000000001
96,-107691.99999999997,0,-781.5699999999924,523.7000000000698,523.7000000000698,6591.700000000303,6591.700000000303,6591.700000000303,107547.19999999994
97,-126042.99999999974,0,-71.01333333333848,13202.300000000047,13202.300000000047,20353.79999999993,20353.79999999993,20353.79999999993,139306.89999999973
98,-108451.30000000019,0,-905.3566666666666,309.699999999837,309.699999999837,309.699999999837,309.699999999837,309.699999999837,103627.00000000019
99,-105213.69999999959,0,1171.2700000000088,4808.79999999993,4808.79999999993,6055.89999999979,6055.89999999979,6055.89999999979,108967.09999999955
100,-108863.90000000007,0,-187.06000000000253,1026.0000000001164,1048.7000000000698,3570.600000000326,3570.600000000326,3570.600000000326,105488.0000000001
101,-108802.0000000007,0,-1247.2966666666641,648.4000000000233,934.1000000000931,1108.3000000000466,1108.3000000000466,1108.3000000000466,103495.10000000075
102,-151670.19999999966,0,830.6499999999966,-79.70000000006985,-79.70000000006985,1777.2999999996973,1777.2999999996973,1777.2999999996973,147564.69999999972
103,-140736.60000000018,0,-1349.3700000000001,-1289.8000000000466,-472.9999999998836,-472.9999999998836,0.0,0.0,124810.3000000002
104,-177871.3,0,-2147.6366666666677,-746.8999999999651,102.89999999996508,7176.999999999709,7176.999999999709,7176.999999999709,160351.89999999997
105,-113151.30000000034,0,1193.1233333333269,330.20000000001164,330.20000000001164,330.20000000001164,330.20000000001164,330.20000000001164,110329.80000000032
106,-109869.00000000016,0,663.6566666666768,8311.5,8330.399999999965,14630.500000000291,14630.500000000291,14630.500000000291,118141.20000000017
107,-151489.0999999998,0,-716.6600000000084,66.29999999998836,369.70000000001164,446.70000000006985,446.70000000006985,446.70000000006985,146342.99999999988
108,-139545.49999999983,0,-288.0733333333337,3456.0999999999767,3655.5,13373.299999999756,13373.299999999756,13373.299999999756,143286.79999999978
109,-184702.89999999985,0,-273.6299999999998,4274.199999999953,4274.199999999953,12813.300000000454,12813.300000000454,12813.300000000454,178464.19999999984
110,-270927.6999999999,0,-3459.266666666668,16542.099999999977,21776.100000000035,21776.100000000035,21776.100000000035,21776.100000000035,291481.9999999999
111,-224191.79999999987,0,-3952.3533333333226,28015.399999999965,28680.900000000023,28680.900000000023,29600.099999999977,29600.099999999977,253791.89999999988
112,-170436.30000000005,0,-781.8166666666681,-1843.7000000000698,526.2999999999302,8128.199999999721,8128.199999999721,8128.199999999721,162867.09999999998
113,-163838.20000000013,0,567.0133333333409,17545.199999999953,19051.199999999953,20162.200000000186,20162.200000000186,20162.200000000186,183146.00000000012
114,-151350.9999999997,0,-587.7433333333271,-152.30000000004657,-152.30000000004657,7268.299999999697,7268.299999999697,7268.299999999697,149765.39999999973
115,-136887.00000000055,0,1590.6533333333257,11475.100000000093,11475.100000000093,11981.800000000047,11981.800000000047,11981.800000000047,148009.20000000056
116,-169307.19999999958,0,211.786666666662,-548.1999999999534,-457.5,140.80000000004657,140.80000000004657,140.80000000004657,153964.29999999958
117,-193647.49999999965,0,782.0633333333293,11003.199999999953,11112.899999999907,11634.79999999993,11634.79999999993,11634.79999999993,204823.69999999966
118,-177976.9999999994,0,-1066.9166666666667,10718.499999999884,10718.499999999884,10718.499999999884,10718.499999999884,10718.499999999884,186032.69999999937
119,-138003.80000000028,0,16.680000000007567,-494.0,-172.5,-36.199999999953434,0.0,0.0,136586.1000000003
120,-161119.99999999942,0,1118.7266666666765,-738.5,-217.0,238.90000000002328,238.90000000002328,238.90000000002328,146083.39999999944
121,-278547.40000000043,0,-1768.4033333333307,1668.2999999999302,1668.2999999999302,8201.40000000014,8201.40000000014,8201.40000000014,278906.9000000004
122,-219011.80000000045,0,4298.673333333332,35352.20000000007,51234.20000000007,53328.60000000021,53328.60000000021,53328.60000000021,270246.00000000047
123,-123694.8000000004,0,521.7833333333256,15725.29999999993,16179.699999999953,16179.699999999953,16190.699999999953,16190.699999999953,139885.5000000004
124,-96150.79999999987,0,-202.7899999999936,432.30000000004657,432.30000000004657,5192.10000000021,5192.10000000021,5192.10000000021,94543.99999999987
125,-147086.90000000055,0,-1484.6199999999978,-539.4000000000233,-88.0,-88.0,0.0,0.0,136086.1000000005
126,-138469.3999999995,0,-850.9366666666659,27569.699999999953,27569.699999999953,30255.50000000035,30255.50000000035,30255.50000000035,164756.39999999956
127,-104652.09999999955,0,-841.6366666666654,-220.5,76.59999999997672,212.59999999997672,212.59999999997672,212.59999999997672,97962.39999999954
128,-119243.2999999998,0,2084.136666666663,941.5999999999767,941.5999999999767,941.5999999999767,941.5999999999767,941.5999999999767,120052.1999999998
129,-168092.90000000014,0,708.2199999999988,1023.4000000000233,1132.3000000000466,13824.900000000605,13824.900000000605,13824.900000000605,166429.80000000016
130,-170884.49999999997,0,1136.1300000000022,12573.199999999953,14820.0,17869.200000000536,17869.200000000536,17869.200000000536,188398.39999999997
131,-109781.40000000007,0,-253.81000000000736,-1311.0000000001164,-443.4999999998836,5660.800000000279,5660.800000000279,5660.800000000279,102363.60000000008
132,-143713.09999999916,0,-1989.9700000000037,1062.6999999999534,1146.5999999999767,1146.5999999999767,1146.5999999999767,1146.5999999999767,119272.59999999915
133,-98951.00000000064,0,-281.7333333333372,-139.40000000002328,-84.40000000002328,-84.40000000002328,0.0,0.0,89248.90000000065
134,-96437.2999999996,0,612.8299999999969,540.6999999999534,622.4000000000233,4146.699999999604,4146.699999999604,4146.699999999604,93551.89999999959
135,-105792.59999999995,0,1417.826666666675,3680.1999999999534,4734.400000000023,10108.399999999558,10108.399999999558,10108.399999999558,109902.59999999995
136,-95793.20000000007,0,-546.210000000004,-3022.4000000000233,688.0999999999767,688.0999999999767,688.0999999999767,688.0999999999767,89222.60000000002
137,-101551.69999999976,0,1530.8899999999946,6997.699999999953,7264.699999999953,7847.79999999993,7847.79999999993,7847.79999999993,109142.39999999976
138,-114258.59999999964,0,-311.81000000000495,1038.1999999999534,1038.1999999999534,4944.7999999994645,4944.7999999994645,4944.7999999994645,114570.79999999965
139,-97242.2999999993,0,212.0233333333405,1527.3000000000466,2156.29999999993,2156.29999999993,2377.399999999907,2377.399999999907,99619.69999999928
140,-115022.90000000045,0,-2750.6433333333284,705.7000000000698,824.8000000000466,824.8000000000466,824.8000000000466,824.8000000000466,94231.0000000005
141,-96105.40000000045,0,-95.54666666666405,-579.1999999999534,132.69999999995343,432.1999999997206,432.1999999997206,432.1999999997206,90504.90000000042
142,-70196.29999999968,0,323.6600000000083,0.19999999995343387,25.899999999906868,670.2999999996973,670.2999999996973,670.2999999996973,68292.89999999964
143,-97328.59999999979,0,-1201.6566666666647,310.9000000000233,491.9000000000233,491.9000000000233,491.9000000000233,491.9000000000233,87797.49999999978
144,-99634.59999999977,0,762.696666666668,-569.9000000000233,-352.39999999990687,625.6999999999534,625.6999999999534,625.6999999999534,95101.59999999982
145,-132141.1000000001,0,-435.0733333333313,4362.400000000023,4362.400000000023,4771.999999999534,4771.999999999534,4771.999999999534,135871.2
146,-160303.00000000012,0,-4655.526666666662,12695.899999999907,12695.899999999907,13019.29999999993,13394.499999999884,13394.499999999884,173697.50000000006
147,-87313.80000000012,0,569.3000000000029,484.69999999995343,852.8000000000466,6256.699999999953,6256.699999999953,6256.699999999953,88098.90000000014
148,-106047.59999999995,0,-2018.6699999999983,5918.199999999953,6097.900000000023,16793.69999999972,16793.69999999972,16793.69999999972,112175.19999999997
149,-80208.59999999993,0,749.6466666666674,2260.5999999999767,2674.6999999999534,2948.20000000007,2948.20000000007,2948.20000000007,82535.09999999987
150,-104557.10000000028,0,8.876666666670644,138.20000000006985,138.20000000006985,138.20000000006985,138.20000000006985,138.20000000006985,87064.80000000032
151,-85589.0000000003,0,-398.60999999999575,9220.699999999953,9357.199999999953,9357.199999999953,9357.199999999953,9357.199999999953,94931.8000000003
152,-93268.09999999947,0,-774.4000000000015,-291.69999999995343,190.49999999988358,814.4999999997672,814.4999999997672,814.4999999997672,83931.49999999943
153,-87050.7999999998,0,15.566666666675397,2389.8000000000466,2389.8000000000466,2389.8000000000466,2389.8000000000466,2389.8000000000466,85493.59999999986
154,-135061.3,0,-390.2533333333292,25185.500000000116,25185.500000000116,30349.200000000536,30349.200000000536,30349.200000000536,157618.5
155,-76036.30000000041,0,223.24333333333925,495.19999999995343,566.6999999999534,1122.8000000000466,1122.8000000000466,1122.8000000000466,76937.20000000038
156,-84599.7999999996,0,-1061.1600000000083,-442.69999999995343,105.0,1759.3999999997905,1759.3999999997905,1759.3999999997905,82947.79999999962
157,-84291.5999999996,0,-298.42000000000553,4728.599999999977,4728.599999999977,4917.099999999977,4917.099999999977,4917.099999999977,88709.99999999964
158,-106384.50000000026,0,-1540.7233333333352,-381.9000000000233,267.4000000000233,2816.9000000006054,2816.9000000006054,2816.9000000006054,99736.8000000003
159,-117227.39999999962,0,196.05999999999767,-285.30000000004657,-96.5,5228.799999999348,5228.799999999348,5228.799999999348,115904.7999999996
160,-108657.29999999887,0,616.8266666666628,812.5999999999767,812.5999999999767,5418.300000000047,5418.300000000047,5418.300000000047,108393.8999999989
161,-142250.80000000002,0,-239.42333333334196,0.0,0.0,3106.0999999998603,3106.0999999998603,3106.0999999998603,134891.40000000008
162,-136941.70000000007,0,2248.836666666672,5831.199999999953,6766.0,8065.10000000021,8065.10000000021,8065.10000000021,143677.2
163,-92096.09999999935,0,-660.2500000000073,178.09999999997672,178.09999999997672,3036.79999999993,3036.79999999993,3036.79999999993,90741.59999999938
164,-110717.89999999994,0,-633.1833333333221,67.89999999990687,534.0,534.0,534.0,534.0,100033.99999999994
165,-107464.99999999956,0,278.6133333333394,3238.6999999999534,3238.6999999999534,4846.499999999767,4846.499999999767,4846.499999999767,109900.59999999954
166,-154944.59999999992,0,1827.7499999999952,-49.79999999993015,503.19999999995343,717.9000000000233,717.9000000000233,717.9000000000233,137215.89999999997
167,-108847.30000000112,0,1178.4299999999978,475.9000000001397,475.9000000001397,475.9000000001397,475.9000000001397,475.9000000001397,98629.30000000117
168,-112412.70000000004,0,1565.9733333333377,11513.79999999993,11513.79999999993,13903.69999999972,13903.69999999972,13903.69999999972,122468.20000000007
169,-93883.30000000031,0,-50.956666666665114,-717.0999999999767,652.5999999998603,652.5999999998603,652.5999999998603,652.5999999998603,92266.20000000024
170,-123533.00000000003,0,2100.769999999999,805.7000000000698,805.7000000000698,805.7000000000698,805.7000000000698,805.7000000000698,108074.10000000003
171,-98149.59999999985,0,-300.2066666666554,5568.000000000116,5568.000000000116,5974.599999999977,5974.599999999977,5974.599999999977,103338.29999999987
172,-129052.49999999971,0,-3890.510000000007,426.70000000006985,427.30000000004657,427.30000000004657,427.30000000004657,427.30000000004657,117289.09999999974
173,-132514.60000000006,0,1055.5000000000025,-2153.70000000007,-495.39999999990687,794.2999999999302,794.2999999999302,794.2999999999302,123182.10000000006
174,-153356.09999999971,0,375.94333333332906,-328.5,-37.79999999993015,-37.79999999993015,0.0,0.0,148058.59999999971
175,-211187.6999999996,0,3215.2466666666755,4037.600000000093,4037.600000000093,5718.399999999732,5718.399999999732,5718.399999999732,215113.29999999964
176,-182818.2999999998,0,542.056666666666,11379.90000000014,11379.90000000014,11379.90000000014,11379.90000000014,11379.90000000014,191926.49999999988
177,-145391.19999999972,0,-1352.2466666666685,27812.900000000023,30088.399999999907,30088.399999999907,31570.599999999977,31570.599999999977,176961.7999999997
178,-167327.1000000005,0,1743.6700000000008,-109.0,-60.40000000002328,-60.40000000002328,0.0,0.0,141327.30000000054
179,-139107.20000000024,0,2330.8133333333462,13783.400000000023,13783.400000000023,14793.699999999371,14793.699999999371,14793.699999999371,152571.50000000023
180,-159001.0,0,-2439.1266666666756,693.1999999999534,703.6999999999534,3809.400000000256,3809.400000000256,3809.400000000256,152116.0
181,-185964.10000000056,0,-98.60000000000339,21283.699999999953,21505.900000000023,25931.500000000466,25931.500000000466,25931.500000000466,206748.50000000058
182,-127377.00000000019,0,-530.9166666666715,10266.70000000007,11032.70000000007,11032.70000000007,11032.70000000007,11032.70000000007,137335.80000000016
183,-127291.9999999999,0,-84.22666666666919,1071.5,1071.5,10055.099999999977,10055.099999999977,10055.099999999977,125789.69999999987
184,-140173.19999999943,0,1254.5566666666684,-160.09999999997672,-149.69999999995343,6129.399999999674,6129.399999999674,6129.399999999674,135663.09999999945
185,-114868.29999999973,0,-1849.8866666666702,12903.800000000047,12903.800000000047,12903.800000000047,12903.800000000047,12903.800000000047,127393.99999999972
186,-129457.29999999981,0,1243.3066666666516,5702.900000000023,6251.099999999977,12678.199999998906,12678.199999998906,12678.199999998906,136080.59999999983
187,-104887.10000000014,0,-604.9400000000023,-372.20000000006985,308.30000000004657,1650.6000000000931,1650.6000000000931,1650.6000000000931,101141.30000000012
188,-139356.20000000024,0,-548.6333333333483,800.4000000000233,800.4000000000233,2709.7000000005355,2709.7000000005355,2709.7000000005355,137561.20000000024
189,-147467.29999999996,0,728.1800000000076,418.30000000004657,871.5,1575.1999999999534,1575.1999999999534,1575.1999999999534,140440.49999999994
190,-149115.19999999955,0,-974.0799999999994,14402.29999999993,14402.29999999993,26832.099999999977,26832.099999999977,26832.099999999977,162226.3999999995
191,-143326.1000000005,0,-1644.1233333333391,-544.1000000000931,-181.09999999997672,626.9000000000233,626.9000000000233,626.9000000000233,137316.70000000048
192,-146673.8,0,1911.5666666666705,826.0999999999767,826.0999999999767,826.0999999999767,826.0999999999767,826.0999999999767,139953.8999999999
193,-191903.90000000029,0,-1408.406666666672,-332.0,434.5,434.5,434.5,434.5,160682.5000000003
194,-142149.69999999987,0,-204.33666666665764,11864.300000000047,13049.100000000093,23111.300000000163,23111.300000000163,23111.300000000163,155247.59999999986
195,-153564.60000000027,0,890.8433333333329,519.4000000000233,1301.9000000000233,1301.9000000000233,1301.9000000000233,1301.9000000000233,142621.1000000003
196,-193678.6,0,-2416.0066666666658,-1392.3000000000466,-612.5,8942.100000000093,8942.100000000093,8942.100000000093,187905.3
197,-193879.90000000005,0,1933.093333333328,18816.300000000047,18987.800000000047,31674.900000000373,31674.900000000373,31674.900000000373,211645.60000000003
198,-235644.39999999973,0,3923.443333333327,34343.09999999998,34343.09999999998,40902.39999999956,40902.39999999956,40902.39999999956,268512.49999999977
199,-133713.19999999984,0,186.05333333331996,5937.599999999977,6805.59999999986,6805.59999999986,6805.59999999986,6805.59999999986,139799.49999999988
200,-140904.70000000054,0,-515.3599999999933,3091.5999999999767,3091.5999999999767,3091.5999999999767,3091.5999999999767,3091.5999999999767,143077.60000000053
201,-119641.40000000087,0,38.31666666666084,6163.199999999953,6163.199999999953,6163.199999999953,8350.699999999953,8350.699999999953,127992.10000000086
202,-156672.0999999994,0,39.86999999999292,161.80000000004657,161.80000000004657,161.80000000004657,161.80000000004657,161.80000000004657,137492.39999999947
203,-155193.80000000028,0,2129.746666666671,-7106.599999999977,0.0,0.0,0.0,0.0,129183.6000000003
204,-170318.8000000001,0,1263.5766666666702,-781.6999999999534,381.0,1199.9000000000233,1199.9000000000233,1199.9000000000233,160075.8000000001
205,-152920.70000000013,0,-1404.4733333333327,15753.200000000186,15753.200000000186,15753.200000000186,15753.200000000186,15753.200000000186,167091.80000000016
206,-178160.8000000008,0,-39.55333333333207,-694.5999999999767,114.5,19185.900000000373,19185.900000000373,19185.900000000373,176298.80000000077
207,-175298.79999999952,0,1509.8633333333394,-961.9000000000233,1951.6000000000931,1951.6000000000931,1951.6000000000931,1951.6000000000931,160622.79999999955
208,-187155.3,0,-3332.626666666678,18745.29999999993,19600.29999999993,26331.300000000396,26331.300000000396,26331.300000000396,205896.09999999992
209,-173483.79999999976,0,1514.51666666667,-503.70000000006985,1225.9000000001397,3139.899999999907,3139.899999999907,3139.899999999907,147856.0999999998
210,-149509.69999999978,0,-1692.0733333333312,-343.19999999995343,-343.19999999995343,4488.59999999986,4488.59999999986,4488.59999999986,147308.5999999998
211,-123044.79999999989,0,-89.64999999999903,50.20000000006985,50.20000000006985,2872.199999999837,2872.199999999837,2872.199999999837,119306.89999999988
212,-152062.09999999992,0,119.6700000000031,-608.3000000000466,-319.39999999990687,-185.5,0.0,0.0,132959.89999999997
213,-134357.20000000045,0,719.3833333333338,-966.7999999999884,-780.0,7255.200000000128,7255.200000000128,7255.200000000128,121485.20000000048
214,-133390.19999999984,0,710.6733333333323,-287.70000000001164,-87.19999999995343,3391.899999999965,3391.899999999965,3391.899999999965,130288.89999999985
215,-128620.29999999999,0,3546.8399999999965,4365.600000000093,4522.300000000047,4522.300000000047,4542.600000000035,4542.600000000035,133162.90000000002
216,-137772.20000000007,0,1306.0966666666718,-861.0999999999767,-122.40000000008149,376.0,376.0,376.0,121176.70000000006
217,-113731.99999999946,0,213.29333333333247,-444.30000000004657,259.80000000004657,259.80000000004657,259.80000000004657,259.80000000004657,105069.49999999946
218,-121351.20000000017,0,779.5733333333337,1209.6999999999534,1209.6999999999534,2132.5999999999767,2132.5999999999767,2132.5999999999767,121516.30000000019
219,-112836.30000000048,0,-692.7433333333296,6381.399999999965,6381.399999999965,6381.399999999965,6381.399999999965,6381.399999999965,118656.80000000044
220,-188209.7999999998,0,1944.8666666666638,-3050.2999999999884,668.4999999999418,9393.599999999744,9393.599999999744,9393.599999999744,169223.7999999998
221,-133007.90000000014,0,601.6833333333319,-3.300000000046566,-3.300000000046566,-3.300000000046566,0.0,0.0,126029.60000000021
222,-191749.80000000045,0,1507.0133333333288,24930.0,24930.0,36066.79999999999,36066.79999999999,36066.79999999999,216919.6000000005
223,-183349.00000000058,0,-2284.129999999995,3959.9000000000815,3959.9000000000815,4026.600000000093,4302.4000000000815,4302.4000000000815,187651.40000000066
224,-166987.60000000033,0,-73.20999999999913,18554.70000000001,19574.100000000035,24839.89999999979,24839.89999999979,24839.89999999979,186667.00000000035
225,-177845.19999999995,0,-346.7333333333251,331.79999999998836,437.5999999999767,728.4000000000233,728.4000000000233,728.4000000000233,162225.7
226,-129541.2000000001,0,2119.1766666666613,977.9999999999418,1420.0999999999185,1420.0999999999185,1420.0999999999185,1420.0999999999185,105057.30000000003
227,-143050.8000000001,0,895.6833333333392,17578.300000000047,18386.400000000023,28589.499999999767,28589.499999999767,28589.499999999767,161203.90000000008
228,-150830.30000000028,0,250.3400000000062,7238.899999999965,7238.899999999965,12491.099999999977,12491.099999999977,12491.099999999977,157326.4000000002
229,-163809.40000000002,0,1654.0566666666637,-515.1000000000349,-10.700000000011642,155.10000000003492,155.10000000003492,155.10000000003492,149920.50000000003
230,-138211.79999999978,0,2075.70666666667,-1077.7000000000698,-195.10000000003492,895.1999999998952,895.1999999998952,895.1999999998952,123813.19999999978
231,-187305.4999999996,0,-2667.8633333333323,-2674.2999999999884,-811.3000000000466,-18.399999999906868,0.0,0.0,152767.59999999957
232,-181006.1000000001,0,1370.096666666662,19023.400000000023,19023.400000000023,19023.400000000023,19023.400000000023,19023.400000000023,198912.90000000008
233,-172543.9000000005,0,-1467.466666666655,23565.0,23565.0,23565.0,23565.0,23565.0,193182.20000000054
234,-155749.69999999943,0,594.6233333333294,-341.29999999993015,-318.4000000000233,4656.09999999986,4656.09999999986,4656.09999999986,154410.39999999944
235,-192309.89999999898,0,-1529.7366666666614,-576.2000000000698,180.20000000006985,180.20000000006985,180.20000000006985,180.20000000006985,185884.89999999898
236,-226837.3000000001,0,-22.64333333332858,896.5,1274.5,10314.49999999965,10314.49999999965,10314.49999999965,228188.20000000013
237,-294002.20000000024,0,742.4066666666598,7575.400000000023,7575.400000000023,8218.199999999895,8218.199999999895,8218.199999999895,300850.1000000002
238,-233343.7000000004,0,-183.82666666666287,34918.69999999995,43535.399999999965,45691.70000000001,45691.70000000001,45691.70000000001,276216.50000000035
239,-174538.3000000008,0,-2437.6333333333314,1959.6999999999534,2401.899999999965,2401.899999999965,2401.899999999965,2401.899999999965,167904.70000000083
240,-186913.10000000012,0,2168.7866666666596,789.7000000000116,789.7000000000116,789.7000000000116,789.7000000000116,789.7000000000116,179679.40000000017
241,-231955.59999999992,0,273.5766666666702,7785.100000000035,7785.100000000035,17599.39999999979,17599.39999999979,17599.39999999979,238436.99999999988
242,-294444.4000000003,0,2426.656666666664,-2074.5999999999767,239.79999999998836,239.79999999998836,239.79999999998836,239.79999999998836,257467.70000000024
243,-463436.4000000004,0,1376.6333333333387,11279.299999999988,11279.299999999988,12626.10000000021,12626.10000000021,12626.10000000021,471769.6000000003
244,-327858.20000000007,0,-301.78666666666686,42397.09999999998,65553.10000000003,76969.29999999964,76969.29999999964,76969.29999999964,393411.30000000005
245,-334806.69999999984,0,1023.9833333333372,2800.5999999999767,2800.5999999999767,3666.1999999999534,3666.1999999999534,3666.1999999999534,337241.69999999984
246,-183958.7999999997,0,-1940.2400000000005,16814.09999999986,17297.899999999907,17297.899999999907,18106.199999999953,18106.199999999953,202064.99999999965
247,-134618.29999999964,0,371.4833333333251,10560.29999999993,10560.29999999993,11582.900000000023,11582.900000000023,11582.900000000023,140711.99999999968
248,-131711.99999999977,0,-573.2700000000017,-342.70000000006985,-342.70000000006985,4648.39999999979,4648.39999999979,4648.39999999979,123570.19999999975
249,-170701.19999999995,0,135.1999999999995,8041.099999999977,8041.099999999977,8204.29999999993,8204.29999999993,8204.29999999993,178371.99999999997
250,-156779.69999999995,0,505.8633333333346,576.9000000000233,1191.0,1191.0,1191.0,1191.0,143702.99999999994
251,-158279.8999999999,0,105.45999999999913,-121.70000000006985,-121.70000000006985,-121.70000000006985,0.0,0.0,151339.59999999992
252,-144696.40000000043,0,-3171.2000000000066,2416.4000000000233,2416.4000000000233,2416.4000000000233,2416.4000000000233,2416.4000000000233,120405.80000000038
253,-122422.20000000038,0,2073.813333333339,-1227.5999999999767,-245.80000000004657,545.1999999994296,545.1999999994296,545.1999999994296,114268.70000000039
254,-106552.00000000004,0,-916.1599999999962,-998.3000000000466,565.4000000000233,565.4000000000233,565.4000000000233,565.4000000000233,100457.40000000005
255,-98007.40000000005,0,-992.3166666666511,9048.400000000023,9048.400000000023,9048.400000000023,9069.100000000035,9069.100000000035,107076.50000000009
256,-121350.1999999999,0,-1613.170000000008,616.0,616.0,616.0,616.0,616.0,113483.89999999985
257,-168128.7999999999,0,-323.7066666666651,522.2000000000116,1442.2000000000116,1442.2000000000116,1442.2000000000116,1442.2000000000116,147741.5999999999
258,-127479.29999999986,0,3559.5633333333317,375.19999999995343,375.19999999995343,375.19999999995343,375.19999999995343,375.19999999995343,116208.29999999987
259,-166925.09999999986,0,198.4200000000031,10599.399999999965,10599.399999999965,17123.89999999979,17123.89999999979,17123.89999999979,172143.19999999984
260,-150568.49999999977,0,-874.2799999999988,892.1999999999534,892.1999999999534,11571.099999999919,11571.099999999919,11571.099999999919,149207.69999999975
261,-104299.60000000028,0,563.6766666666687,17.29999999998836,57.90000000002328,128.80000000004657,128.80000000004657,128.80000000004657,95205.00000000029
262,-160086.6999999999,0,701.4333333333319,13497.099999999977,13497.099999999977,17948.399999999965,17948.399999999965,17948.399999999965,172664.79999999987
263,-112798.09999999983,0,-480.75,5914.100000000035,6255.799999999988,10219.199999999837,10219.199999999837,10219.199999999837,118903.39999999982
264,-122391.19999999974,0,784.4833333333348,-8577.70000000007,586.9000000000233,586.9000000000233,586.9000000000233,586.9000000000233,103390.89999999975
265,-98145.19999999975,0,-324.43000000001,-634.0999999999767,-32.20000000001164,13.900000000139698,13.900000000139698,13.900000000139698,94495.7999999998
266,-143187.79999999964,0,1694.9633333333259,6608.500000000058,6608.500000000058,6789.999999999709,7740.5,7740.5,150928.29999999964
267,-104882.79999999992,0,40.36333333332732,124.70000000001164,335.9000000000233,1702.799999999581,1702.799999999581,1702.799999999581,99688.0999999999
268,-140779.19999999998,0,179.37333333333422,7049.999999999942,7049.999999999942,7049.999999999942,7049.999999999942,7049.999999999942,140140.89999999997
269,-172826.1,0,75.78000000000368,-583.3000000001048,812.6999999999534,7076.300000000105,7076.300000000105,7076.300000000105,169923.5
270,-181343.9000000002,0,1445.1966666666704,-969.7000000000116,465.80000000004657,1869.5000000001164,1869.5000000001164,1869.5000000001164,172889.2000000002
271,-149658.3999999999,0,343.0966666666621,-316.80000000004657,198.69999999995343,5022.000000000349,5022.000000000349,5022.000000000349,134466.1999999999
272,-153553.7000000001,0,-990.8899999999994,9101.199999999953,9295.300000000047,9386.700000000012,9386.700000000012,9386.700000000012,162300.8000000001
273,-147459.80000000054,0,-309.0566666666612,9079.400000000023,11281.700000000012,11281.700000000012,11281.700000000012,11281.700000000012,157548.00000000052
274,-162046.50000000023,0,-1502.4933333333368,2915.2999999999884,2915.2999999999884,21538.60000000021,21538.60000000021,21538.60000000021,162117.80000000022
275,-213919.5999999997,0,2895.3700000000003,-327.9999999999418,886.7000000000116,886.7000000000116,886.7000000000116,886.7000000000116,212420.69999999972
276,-230764.49999999968,0,5994.046666666662,-3727.2999999999884,436.4000000000233,436.4000000000233,436.4000000000233,436.4000000000233,193131.99999999968
277,-236993.0999999997,0,-5034.19666666667,-16445.900000000023,-947.6000000000931,-275.80000000004657,0.0,0.0,197940.49999999965
278,-104236.09999999986,0,2401.036666666669,0.0,4356.399999999965,4356.399999999965,4356.399999999965,4356.399999999965,98711.89999999988
279,-121200.60000000012,0,-494.16333333333023,2911.7999999999884,15566.699999999546,15566.699999999546,15566.699999999546,15566.699999999546,124021.90000000017
280,-121740.89999999946,0,-128.31000000000253,5776.599999999977,12807.299999999756,12807.299999999756,12807.299999999756,12807.299999999756,127792.59999999944
281,-98175.60000000034,0,508.3266666666702,8051.099999999977,9941.199999999895,9941.199999999895,9941.199999999895,9941.199999999895,107168.20000000036
282,-105465.00000000015,0,-609.9166666666666,0.0,9274.599999999919,9274.599999999919,9274.599999999919,9274.599999999919,95289.50000000019
283,-114063.69999999937,0,-2401.199999999997,0.0,0.0,9452.0,9452.0,9452.0,99323.79999999939
284,-95511.10000000015,0,397.6133333333346,0.0,0.0,0.0,0.0,0.0,90872.20000000016
285,-115045.30000000028,0,-1163.6933333333388,2191.100000000035,9972.400000000373,9972.400000000373,9972.400000000373,9972.400000000373,117831.70000000027
286,-122381.79999999971,0,-675.3099999999953,0.0,10423.700000000244,10423.700000000244,10423.700000000244,10423.700000000244,117404.49999999968
287,-118986.59999999989,0,198.3299999999969,2155.9000000000233,5023.299999999523,5023.299999999523,5023.299999999523,5023.299999999523,119833.69999999995
288,-99236.69999999998,0,573.8866666666654,0.0,0.0,0.0,0.0,0.0,87573.49999999999
289,-97511.90000000002,0,586.5733333333386,0.0,5398.399999999907,5398.399999999907,5398.399999999907,5398.399999999907,93939.10000000003
290,-96851.60000000025,0,315.639999999997,0.0,0.0,0.0,0.0,0.0,88555.90000000026
291,-103862.30000000018,0,-482.88666666667024,0.0,0.0,0.0,0.0,0.0,91816.00000000013
292,-88764.30000000008,0,253.80333333333206,47.0,4109.999999999884,4109.999999999884,4109.999999999884,4109.999999999884,88648.10000000005
293,-110347.39999999998,0,605.5166666666652,0.0,6150.199999999953,6150.199999999953,6150.199999999953,6150.199999999953,109038.9
294,-115747.99999999952,0,-275.1999999999959,0.0,8082.299999999523,8082.299999999523,8082.299999999523,8082.299999999523,107707.39999999954
295,-109553.19999999952,0,-478.76666666667126,7562.5,13362.70000000007,13362.70000000007,13362.70000000007,13362.70000000007,115545.59999999957
296,-88748.2999999998,0,226.7233333333376,10073.100000000035,10073.100000000035,10073.100000000035,10073.100000000035,10073.100000000035,96938.9999999998
297,-103218.50000000042,0,781.4933333333271,0.0,2071.899999999616,2071.899999999616,2071.899999999616,2071.899999999616,97924.70000000045
298,-156189.30000000037,0,-72.24999999999515,5613.600000000035,8456.400000000023,8456.400000000023,8456.400000000023,8456.400000000023,161677.90000000037
299,-218742.30000000034,0,-576.126666666661,31898.50000000006,54741.00000000041,54741.00000000041,54741.00000000041,54741.00000000041,250626.00000000035
300,-315989.899999999,0,10252.056666666664,0.0,0.0,0.0,0.0,0.0,271250.399999999
301,-123567.10000000018,0,-319.9700000000157,0.0,0.0,0.0,0.0,0.0,119814.10000000015
302,-114163.29999999958,0,-880.8533333333302,0.0,0.0,0.0,0.0,0.0,99519.99999999956
303,-132122.79999999976,0,522.1666666666703,0.0,0.0,0.0,0.0,0.0,130813.49999999977
304,-166429.59999999957,0,-316.7899999999997,6051.0,9529.699999999779,9529.699999999779,9529.699999999779,9529.699999999779,172454.19999999958
305,-101255.99999999999,0,-543.0966666666682,11970.400000000023,11970.400000000023,11970.400000000023,11970.400000000023,11970.400000000023,110059.79999999999
306,-119891.40000000021,0,-273.8100000000001,0.0,12798.600000000326,12798.600000000326,12798.600000000326,12798.600000000326,112609.2000000002
307,-138019.8000000001,0,-278.97999999999956,2294.2000000000116,6574.500000000233,6574.500000000233,6574.500000000233,6574.500000000233,141942.20000000013
308,-125283.79999999939,0,1005.2333333333409,17534.600000000035,17534.600000000035,17534.600000000035,17534.600000000035,17534.600000000035,142285.39999999944
309,-110716.7000000002,0,780.4133333333278,0.0,1763.5,1763.5,1763.5,1763.5,107841.50000000016
310,-112795.70000000039,0,-1720.9066666666602,0.0,0.0,0.0,0.0,0.0,91088.20000000039
311,-81092.89999999962,0,509.63666666666177,15640.200000000012,15640.200000000012,15640.200000000012,15640.200000000012,15640.200000000012,94989.59999999963
312,-94104.50000000023,0,538.7233333333364,0.0,987.7000000001281,987.7000000001281,987.7000000001281,987.7000000001281,90404.50000000023
313,-101527.99999999991,0,-166.72666666666314,0.0,1916.100000000035,1916.100000000035,1916.100000000035,1916.100000000035,97981.09999999993
314,-117159.4,0,-612.8533333333362,5148.299999999988,5583.200000000186,5583.200000000186,5583.200000000186,5583.200000000186,121226.4
315,-121554.59999999937,0,-2363.2066666666556,0.0,0.0,0.0,0.0,0.0,120562.99999999937
316,-169729.8999999998,0,340.2300000000032,0.0,1677.0999999999767,1677.0999999999767,1677.0999999999767,1677.0999999999767,157294.3999999998
317,-203667.50000000017,0,878.989999999998,6366.899999999965,6916.899999999965,24787.99999999994,24787.99999999994,24787.99999999994,210034.40000000017
318,-207822.09999999974,0,-596.1766666666653,33052.79999999999,33052.79999999999,33052.79999999999,33052.79999999999,33052.79999999999,238133.59999999971
319,-114978.00000000003,0,329.5,3798.9000000000815,3798.9000000000815,3798.9000000000815,3798.9000000000815,3798.9000000000815,118018.80000000005
320,-149058.90000000043,0,713.9433333333363,0.0,1703.9000000001397,1703.9000000001397,1703.9000000001397,1703.9000000001397,146552.4000000005
321,-116966.09999999979,0,-555.0999999999985,17263.900000000023,17263.900000000023,17263.900000000023,17263.900000000023,17263.900000000023,133874.79999999976
322,-115809.79999999996,0,1460.58666666666,6630.400000000023,7768.399999999849,7768.399999999849,7768.399999999849,7768.399999999849,122192.29999999996
323,-112243.59999999993,0,1574.9699999999964,0.0,994.9999999995925,994.9999999995925,994.9999999995925,994.9999999995925,110493.59999999993
324,-111088.70000000046,0,794.6866666666489,0.0,2890.7000000000116,2890.7000000000116,2890.7000000000116,2890.7000000000116,104781.40000000043
325,-123857.59999999958,0,-1080.7633333333313,0.0,8612.600000000151,8612.600000000151,8612.600000000151,8612.600000000151,109581.39999999956
326,-112880.20000000011,0,-1218.136666666663,6284.5,10167.100000000035,10167.100000000035,10167.100000000035,10167.100000000035,120575.80000000009
327,-153362.60000000044,0,562.6633333333351,0.0,0.0,0.0,0.0,0.0,143643.4000000005
328,-127951.30000000005,0,-479.5999999999961,17582.79999999999,18134.5,18134.5,18134.5,18134.5,146085.80000000002
329,-142689.59999999998,0,-1000.8333333333236,10806.699999999953,23405.799999999814,23405.799999999814,23405.799999999814,23405.799999999814,153976.59999999998
330,-164259.29999999987,0,-1605.8499999999985,0.0,8779.399999999965,8779.399999999965,8779.399999999965,8779.399999999965,154526.09999999986
331,-210701.50000000017,0,-3263.073333333336,5959.899999999965,11775.900000000373,18959.899999999965,18959.899999999965,18959.899999999965,217666.2000000002
332,-141330.89999999962,0,702.8633333333346,16316.0,18757.5,18757.5,18757.5,18757.5,160088.39999999962
333,-138206.6999999995,0,-1141.166666666669,5954.500000000058,23997.49999999994,23997.49999999994,23997.49999999994,23997.49999999994,143764.3999999995
334,-151022.20000000024,0,-1044.1166666666588,0.0,0.0,0.0,0.0,0.0,129474.00000000023
335,-167358.6000000002,0,-590.7833333333352,0.0,0.0,0.0,0.0,0.0,148523.6000000002
336,-153184.8000000004,0,-169.27333333333323,0.0,0.0,0.0,0.0,0.0,142353.60000000038
337,-224374.89999999964,0,-1110.913333333323,0.0,2937.300000000105,2937.300000000105,2937.300000000105,2937.300000000105,221713.39999999964
338,-215118.80000000063,0,-746.9166666666715,14358.400000000023,22301.900000000373,22301.900000000373,22301.900000000373,22301.900000000373,226829.20000000065
339,-206691.1000000006,0,-479.9699999999939,0.0,1989.7000000000698,4035.0999999999767,4035.0999999999767,4035.0999999999767,202082.2000000006
340,-387186.00000000006,0,-4405.316666666669,0.0,0.0,7253.600000000093,7253.600000000093,7253.600000000093,365213.70000000007
341,-358260.3999999997,0,-1418.7900000000059,24901.099999999977,27850.39999999985,30065.10000000015,30065.10000000015,30065.10000000015,383161.49999999965
342,-275532.09999999986,0,652.9400000000023,39946.20000000001,49414.40000000014,54980.00000000006,54980.00000000006,54980.00000000006,315478.2999999999
343,-156776.29999999946,0,1053.1566666666597,15380.700000000012,15380.700000000012,19745.900000000023,19745.900000000023,19745.900000000023,169898.99999999942
344,-115991.79999999957,0,251.37000000000748,1028.5999999999185,15296.300000000163,15296.300000000163,15296.300000000163,15296.300000000163,116712.8999999995
345,-141945.19999999995,0,-144.28333333335468,0.0,11968.500000000058,11968.500000000058,11968.500000000058,11968.500000000058,139463.2
346,-185431.1999999999,0,838.7299999999983,0.0,356.0000000001746,356.0000000001746,356.0000000001746,356.0000000001746,182296.49999999988
347,-251759.29999999978,0,-474.2666666666628,11916.20000000007,11916.20000000007,39523.600000000035,39523.600000000035,39523.600000000035,262659.4999999998
348,-231087.1000000002,0,-3333.9266666666686,0.0,0.0,2344.29999999993,2344.29999999993,2344.29999999993,211279.2000000002
349,-254420.59999999945,0,-910.0999999999985,0.0,7624.999999999418,25675.20000000007,25675.20000000007,25675.20000000007,246995.19999999946
350,-138639.39999999938,0,1486.3566666666666,0.0,10667.199999999953,10667.199999999953,10667.199999999953,10667.199999999953,128679.79999999938
351,-181912.89999999927,0,-1959.536666666679,0.0,0.0,0.0,0.0,0.0,159346.9999999993
352,-147630.69999999978,0,-381.50000000000483,2497.29999999993,14956.09999999957,14956.09999999957,14956.09999999957,14956.09999999957,150228.09999999974
353,-160733.6,0,-763.3233333333361,0.0,10230.199999999837,10230.199999999837,10230.199999999837,10230.199999999837,145574.40000000002
354,-153979.6000000005,0,178.08666666667582,0.0,0.0,0.0,0.0,0.0,132787.6000000005
355,-178805.39999999976,0,-1974.4433333333302,0.0,22135.499999999884,22135.499999999884,22135.499999999884,22135.499999999884,174542.19999999975
356,-144768.30000000013,0,-1274.013333333335,0.0,15412.79999999993,15412.79999999993,15412.79999999993,15412.79999999993,144750.4000000001
357,-204850.19999999943,0,-1485.4233333333395,22420.800000000047,22420.800000000047,44512.90000000002,44512.90000000002,44512.90000000002,226623.89999999944
358,-160643.59999999945,0,779.5366666666669,0.0,9256.700000000128,9256.700000000128,9256.700000000128,9256.700000000128,158457.79999999944
359,-164078.90000000008,0,287.32999999999447,0.0,12934.0,12934.0,12934.0,12934.0,165938.10000000003
360,-143263.19999999992,0,-1014.8233333333288,0.0,0.0,13877.099999999977,13877.099999999977,13877.099999999977,139778.4999999999
361,-131658.09999999998,0,568.3199999999958,0.0,0.0,0.0,0.0,0.0,103432.39999999994
362,-49212.29999999992,0,-808.9266666666687,0.0,0.0,0.0,0.0,0.0,44121.69999999991
363,-64977.99999999981,0,-434.15333333333547,0.0,34.99999999994179,34.99999999994179,34.99999999994179,34.99999999994179,64926.099999999824
364,-61600.60000000012,0,-326.09666666666936,0.0,99.60000000009313,99.60000000009313,99.60000000009313,99.60000000009313,58398.00000000014
