,Score: Max Loss,Zero Line,Random,HMM(2),HMM(3),HMM(4),HMM(5),HMM(6),Max Gain
0,0.0,0.47989802060046133,0.4763669400349073,0.5095230435788112,0.5201019793995386,0.5201019793995386,0.5201019793995386,0.5201019793995386,1.0
1,0.0,0.5105362326090275,0.5083259189711758,0.5105362326090275,0.5174265657486826,0.5174265657486826,0.5174265657486826,0.5174265657486826,1.0
2,0.0,0.5168181943176804,0.5095738936822812,0.5168181943176804,0.5168181943176804,0.5168181943176804,0.5168181943176804,0.5168181943176804,1.0
3,0.0,0.5511540843483065,0.5512919929799635,0.5511540843483065,0.5511540843483065,0.5511540843483065,0.5511540843483065,0.5511540843483065,1.0
4,0.0,0.518064411819877,0.5205250270614202,0.518064411819877,0.5631286218540963,0.5631286218540963,0.5631286218540963,0.5631286218540963,1.0
5,0.0,0.48853729648300376,0.494284992736744,0.507453530310863,0.532243371069163,0.532243371069163,0.532243371069163,0.532243371069163,1.0
6,0.0,0.481328312746719,0.48358599298390187,0.5217971102214666,0.5230823346127018,0.5230823346127018,0.5230823346127018,0.5230823346127018,1.0
7,0.0,0.44203175597333716,0.42726780922080443,0.5619956176795219,0.5619956176795219,0.5619956176795219,0.5619956176795219,0.5619956176795219,1.0
8,0.0,0.5106853681302869,0.5170269843889912,0.5106853681302869,0.5106853681302869,0.5106853681302869,0.5106853681302869,0.5106853681302869,1.0
9,0.0,0.5197282684926616,0.5219915500979732,0.5197282684926616,0.5197282684926616,0.5197282684926616,0.5197282684926616,0.5197282684926616,1.0
10,0.0,0.49176127830641264,0.48772540644382484,0.5010386670583078,0.5082387216935872,0.5082387216935872,0.5082387216935872,0.5082387216935872,1.0
11,0.0,0.4955546119444279,0.49451027764800315,0.5039979609892242,0.5190351587479323,0.5190351587479323,0.5190351587479323,0.5190351587479323,1.0
12,0.0,0.4643467997138494,0.4566689844745823,0.5353051117264109,0.5356532002861506,0.5356532002861506,0.5356532002861506,0.5356532002861506,1.0
13,0.0,0.5217668886463279,0.5199039070762528,0.5217668886463279,0.5329383573343569,0.5329383573343569,0.5329383573343569,0.5329383573343569,1.0
14,0.0,0.5094267349656488,0.5109080700241115,0.5094267349656488,0.514169422081657,0.514169422081657,0.514169422081657,0.514169422081657,1.0
15,0.0,0.4535865372229715,0.45004748490991114,0.5468820973132753,0.5556115807814069,0.5556115807814069,0.5556115807814069,0.5556115807814069,1.0
16,0.0,0.4965783207342036,0.49554094863524695,0.509170463024392,0.5258259025567835,0.5258259025567835,0.5258259025567835,0.5258259025567835,1.0
17,0.0,0.5431667004143406,0.5406839394314874,0.5431667004143406,0.5556374230477448,0.5556374230477448,0.5556374230477448,0.5556374230477448,1.0
18,0.0,0.4863341474675323,0.4918085819791674,0.512268826953025,0.5333503974585648,0.5333503974585648,0.5333503974585648,0.5333503974585648,1.0
19,0.0,0.5387159546412296,0.5368923940417479,0.5387159546412296,0.5387159546412296,0.5387159546412296,0.5387159546412296,0.5387159546412296,1.0
20,0.0,0.5133101837438474,0.5119797548189152,0.5133101837438474,0.5133101837438474,0.5133101837438474,0.5133101837438474,0.5133101837438474,1.0
21,0.0,0.48038308505661337,0.4848605595267787,0.5226596887485621,0.5226596887485621,0.5421287255468491,0.5421287255468491,0.5421287255468491,1.0
22,0.0,0.5012051099545686,0.5003198727878081,0.5012051099545686,0.5085121854278537,0.5085121854278537,0.5085121854278537,0.5085121854278537,1.0
23,0.0,0.5149899649611943,0.5180577643271843,0.5149899649611943,0.5263148717531421,0.5263148717531421,0.5263148717531421,0.5263148717531421,1.0
24,0.0,0.5091422317695723,0.5085314750615727,0.5091422317695723,0.523899971784602,0.523899971784602,0.523899971784602,0.523899971784602,1.0
25,0.0,0.4943007562468285,0.49431410678515836,0.5028642489604132,0.5160791543311586,0.5160791543311586,0.5160791543311586,0.5160791543311586,1.0
26,0.0,0.5438309587093647,0.553919423181312,0.5438309587093647,0.5438309587093647,0.5438309587093647,0.5438309587093647,0.5438309587093647,1.0
27,0.0,0.49704374195919876,0.4985960301415182,0.5055032775837776,0.544551859339581,0.544551859339581,0.544551859339581,0.544551859339581,1.0
28,0.0,0.46873640753601004,0.45869268760844983,0.5333682129468507,0.5333682129468507,0.5463906262074995,0.5463906262074995,0.5463906262074995,1.0
29,0.0,0.5087221124432029,0.5088269743188819,0.5087221124432029,0.5095351147419862,0.5095351147419862,0.5095351147419862,0.5095351147419862,1.0
30,0.0,0.4835841303663324,0.4833106987290635,0.5188208021891009,0.5188208021891009,0.5324102721685936,0.5324102721685936,0.5324102721685936,1.0
31,0.0,0.4737015880376047,0.48303711516219594,0.5255473294133517,0.5262984119623955,0.5262984119623955,0.5262984119623955,0.5262984119623955,1.0
32,0.0,0.48289793013212695,0.4758158062521303,0.5151405971517975,0.517102069867873,0.517102069867873,0.517102069867873,0.517102069867873,1.0
33,0.0,0.4989036624842826,0.49310601615286065,0.4989036624842826,0.5199892988041416,0.5199892988041416,0.5199892988041416,0.5199892988041416,1.0
34,0.0,0.49463523335262294,0.4949295413628773,0.5063618581959463,0.5244433798012019,0.5244433798012019,0.5244433798012019,0.5244433798012019,1.0
35,0.0,0.5067532110597422,0.5022930891586449,0.5067532110597422,0.5453663413135079,0.5453663413135079,0.5453663413135079,0.5453663413135079,1.0
36,0.0,0.5227954119943165,0.5204716673978732,0.5227954119943165,0.5227954119943165,0.5227954119943165,0.5227954119943165,0.5227954119943165,1.0
37,0.0,0.49652853778334216,0.4933334591902548,0.5034714622166576,0.5298075702391051,0.5298075702391051,0.5298075702391051,0.5298075702391051,1.0
38,0.0,0.5052764765858438,0.5065263630846302,0.5052764765858438,0.5052764765858438,0.5285663070997699,0.5285663070997699,0.5285663070997699,1.0
39,0.0,0.5136331521208184,0.5112731117920484,0.5136331521208184,0.5136331521208184,0.5136331521208184,0.5136331521208184,0.5136331521208184,1.0
40,0.0,0.536701736034173,0.534100194638426,0.536701736034173,0.536701736034173,0.536701736034173,0.536701736034173,0.536701736034173,1.0
41,0.0,0.4883958768949033,0.49028358532128563,0.5109221057206845,0.5116041231050966,0.5315229297983908,0.5315229297983908,0.5315229297983908,1.0
42,0.0,0.4706252711490193,0.4687324949012907,0.5295137021644791,0.5295137021644791,0.5424116341207279,0.5424116341207279,0.5424116341207279,1.0
43,0.0,0.4882434282528484,0.48650246968338345,0.5180718755449851,0.5446109819549023,0.5446109819549023,0.5446109819549023,0.5446109819549023,1.0
44,0.0,0.5182621814287196,0.511522124845009,0.5182621814287196,0.5278306634574419,0.5278306634574419,0.5278306634574419,0.5278306634574419,1.0
45,0.0,0.49945200336780105,0.5044915616658708,0.49945200336780105,0.5180458006363844,0.5180458006363844,0.5180458006363844,0.5180458006363844,1.0
46,0.0,0.48098165419837274,0.4788281099463521,0.5190183458016273,0.5402216573084034,0.5415998742465784,0.5415998742465784,0.5415998742465784,1.0
47,0.0,0.4935908369149488,0.49583673920012916,0.5074452543035414,0.5211560060382043,0.5540382197820293,0.5540382197820293,0.5540382197820293,1.0
48,0.0,0.5031057392515452,0.4994756224361142,0.5025922998904857,0.5228181626419866,0.549821497198568,0.549821497198568,0.549821497198568,1.0
49,0.0,0.5052644441675406,0.5061620040612438,0.5052644441675406,0.5180838655736438,0.5261346327786701,0.5261346327786701,0.5261346327786701,1.0
50,0.0,0.5046572730047689,0.5025725878412564,0.5046572730047689,0.5056776682622239,0.507653519154341,0.507653519154341,0.507653519154341,1.0
51,0.0,0.4614770480424208,0.46035345934477967,0.538522951957579,0.538522951957579,0.5461656147891925,0.5461656147891925,0.5461656147891925,1.0
52,0.0,0.49530477868762496,0.4946835416573692,0.5368490502088463,0.5368490502088463,0.5368490502088463,0.5368490502088463,0.5368490502088463,1.0
53,0.0,0.46459650319939233,0.45841783505641315,0.526738422319785,0.5402141725998122,0.5402141725998122,0.5402141725998122,0.5402141725998122,1.0
54,0.0,0.528294966313776,0.5287418789304102,0.5346911184340215,0.5346911184340215,0.5546510201107353,0.5546510201107353,0.5546510201107353,1.0
55,0.0,0.47731739532519446,0.48164260955442684,0.5017219221918082,0.5229268989356991,0.5229268989356991,0.5229268989356991,0.5229268989356991,1.0
56,0.0,0.487591390645352,0.48662681630153853,0.5088370199676819,0.5107240872151319,0.512048877367349,0.512408609354648,0.512408609354648,1.0
57,0.0,0.4548905205465473,0.4537105656497712,0.5407183791099411,0.5453211844588409,0.5453211844588409,0.5453211844588409,0.5453211844588409,1.0
58,0.0,0.5258599003674321,0.5300693708534573,0.5235420731365109,0.5297682833024664,0.5297682833024664,0.5297682833024664,0.5297682833024664,1.0
59,0.0,0.48399003439439864,0.4852164464731192,0.5151302296138258,0.5158209043303501,0.5158209043303501,0.5160099656056012,0.5160099656056012,1.0
60,0.0,0.47592574732940424,0.47307751985896557,0.523446333840824,0.523446333840824,0.523446333840824,0.5240742526705959,0.5240742526705959,1.0
61,0.0,0.48393239591618425,0.48967541132427433,0.5185696839674447,0.5185696839674447,0.5185696839674447,0.5185696839674447,0.5185696839674447,1.0
62,0.0,0.5458939150525575,0.5472269405266613,0.5477141265099352,0.5502760441985063,0.5502760441985063,0.5502760441985063,0.5502760441985063,1.0
63,0.0,0.5027501053239436,0.5057568029015287,0.5132336226930362,0.5150110760018054,0.5204349908671569,0.5204349908671569,0.5204349908671569,1.0
64,0.0,0.47713919722932185,0.48024563305465134,0.5302592215471319,0.5302592215471319,0.5302592215471319,0.5302592215471319,0.5302592215471319,1.0
65,0.0,0.46950075119739426,0.4722123948715859,0.526759743575777,0.5313310921685622,0.5577614652570989,0.5577614652570989,0.5577614652570989,1.0
66,0.0,0.47115031811662716,0.4739537084873256,0.5278246425689326,0.5288278484041994,0.5288278484041994,0.5288496818833727,0.5288496818833727,1.0
67,0.0,0.4949663869300533,0.5003654524890602,0.5032973492820035,0.5037060202548428,0.5044697505884341,0.5050336130699464,0.5050336130699464,1.0
68,0.0,0.5234271997132233,0.5222976384890118,0.5219314843390144,0.5219314843390144,0.5229478037599513,0.5234271997132233,0.5234271997132233,1.0
69,0.0,0.5029942573640701,0.5066047484659896,0.5032240857406691,0.5048520082833836,0.5054923176535514,0.5054923176535514,0.5054923176535514,1.0
70,0.0,0.4626690137676156,0.4616857617252334,0.5368059210333243,0.5371854744515552,0.5371854744515552,0.5373309862323845,0.5373309862323845,1.0
71,0.0,0.491154741232281,0.48397487866671424,0.506476677837335,0.5098991948641386,0.5098991948641386,0.5098991948641386,0.5098991948641386,1.0
72,0.0,0.5336103617536062,0.5376559161825836,0.5338894643791836,0.5358184753126862,0.5408802988319832,0.5408802988319832,0.5408802988319832,1.0
73,0.0,0.4933800914436824,0.4952083736719748,0.5071147720812111,0.5071147720812111,0.5554729283038022,0.5554729283038022,0.5554729283038022,1.0
74,0.0,0.4801441268351457,0.48340002466598553,0.5232939094385644,0.5240471291955772,0.5240471291955772,0.5240471291955772,0.5240471291955772,1.0
75,0.0,0.5089957229886943,0.5064341711273461,0.5068154954423143,0.5089860683356345,0.5461171743864812,0.5461171743864812,0.5461171743864812,1.0
76,0.0,0.5218490834135148,0.5230937522649378,0.5209324752283601,0.5228095256075243,0.5228095256075243,0.5228095256075243,0.5228095256075243,1.0
77,0.0,0.5088750280384943,0.507287869083427,0.5033044885913733,0.5073680434130478,0.5218139487118527,0.5218139487118527,0.5218139487118527,1.0
78,0.0,0.522350508307696,0.5236906142362945,0.5227970610295982,0.5241610436118637,0.5241610436118637,0.5241610436118637,0.5241610436118637,1.0
79,0.0,0.48400700305429745,0.48242874087844256,0.5140045448546379,0.5140045448546379,0.5270674053358572,0.5270674053358572,0.5270674053358572,1.0
80,0.0,0.4999572679343607,0.4991308872397743,0.5039992186136568,0.5042128789418534,0.5299207050862648,0.5299207050862648,0.5299207050862648,1.0
81,0.0,0.49368269369360124,0.493084647572207,0.5029830888063433,0.5056642742224795,0.5543137479189925,0.5543137479189925,0.5543137479189925,1.0
82,0.0,0.5303800480126285,0.5254545693221294,0.5329805406097244,0.5329805406097244,0.5329805406097244,0.5329805406097244,0.5329805406097244,1.0
83,0.0,0.5219811014334457,0.5175567334169973,0.5203184215825444,0.520839606567679,0.5215412736738617,0.5219811014334457,0.5219811014334457,1.0
84,0.0,0.4731049994477413,0.4774075699340031,0.5214530130938236,0.52845760783225,0.5519708038309105,0.5519708038309105,0.5519708038309105,1.0
85,0.0,0.5082084465284992,0.5031956467918981,0.5112346599717721,0.5113625173943344,0.5113625173943344,0.5113625173943344,0.5113625173943344,1.0
86,0.0,0.45812774773198633,0.4567798019330702,0.5469674090320658,0.5469674090320658,0.5469674090320658,0.5469674090320658,0.5469674090320658,1.0
87,0.0,0.49848749402226483,0.4987525532806179,0.5019993185634836,0.5019993185634836,0.5075099561514812,0.5075099561514812,0.5075099561514812,1.0
88,0.0,0.5337322514892223,0.5252688928703394,0.5332815709616257,0.5337069501262692,0.5337069501262692,0.5337322514892223,0.5337322514892223,1.0
89,0.0,0.49547814835146375,0.5003399674363198,0.5061098912178891,0.5061098912178891,0.5066158979472175,0.5066158979472175,0.5066158979472175,1.0
90,0.0,0.4776620171743744,0.47562716734334487,0.5195411187890612,0.5212643128838225,0.5218796229718663,0.5223379828256257,0.5223379828256257,1.0
91,0.0,0.4995970958588725,0.5021485528100629,0.5014818592158008,0.5034140824590274,0.5037604386505236,0.5037604386505236,0.5037604386505236,1.0
92,0.0,0.5081172971464025,0.5033749191207135,0.5075793899947415,0.5090813566018366,0.5215566291028164,0.5215566291028164,0.5215566291028164,1.0
93,0.0,0.5561817876642676,0.5678041000628603,0.5539721374761807,0.5557374880285932,0.5557374880285932,0.5561817876642676,0.5561817876642676,1.0
94,0.0,0.5294170099079852,0.5300427513111381,0.5296982334361062,0.5296982334361062,0.5300326150701521,0.5300326150701521,0.5300326150701521,1.0
95,0.0,0.49298151040374066,0.4954118908064796,0.5095464617816393,0.5095464617816393,0.524500359957075,0.524500359957075,0.524500359957075,1.0
96,0.0,0.5003363699549154,0.4967052005396788,0.5027694769354285,0.5027694769354285,0.5309613676319199,0.5309613676319199,0.5309613676319199,1.0
97,0.0,0.4750067740745333,0.4747391525931107,0.5247610796160092,0.5247610796160092,0.5517122863057419,0.5517122863057419,0.5517122863057419,1.0
98,0.0,0.5113738652186479,0.507104891605286,0.512834174925015,0.512834174925015,0.512834174925015,0.512834174925015,0.512834174925015,1.0
99,0.0,0.4912377766821303,0.496706380777362,0.5136898358769785,0.5136898358769785,0.5195124866467948,0.5195124866467948,0.5195124866467948,1.0
100,0.0,0.5078746677776124,0.5070019906518206,0.5126611893806404,0.5127670900048007,0.5245323227832378,0.5245323227832378,0.5245323227832378,1.0
101,0.0,0.5124987576372921,0.506623516446213,0.5155529679868448,0.5168987235341418,0.5177192717187376,0.5177192717187376,0.5177192717187376,1.0
102,0.0,0.5068599952746152,0.5096359081109856,0.5065936493370256,0.5065936493370256,0.5127994762642983,0.5127994762642983,0.5127994762642983,1.0
103,0.0,0.529987734746668,0.5249062594969099,0.5251305889844692,0.5282065051409002,0.5282065051409002,0.529987734746668,0.529987734746668,1.0
104,0.0,0.5258991695424797,0.5195494080043396,0.5236908644942158,0.5262034065078918,0.5471188848074281,0.5471188848074281,0.5471188848074281,1.0
105,0.0,0.5063126143553078,0.5116514252584818,0.5077901442224868,0.5077901442224868,0.5077901442224868,0.5077901442224868,0.5077901442224868,1.0
106,0.0,0.4818600220516451,0.48477066669239655,0.5183123386585337,0.5183952296870927,0.5460260111170477,0.5460260111170477,0.5460260111170477,1.0
107,0.0,0.5086392635313653,0.5062330084634932,0.5088618721756317,0.5098805669368748,0.5101391018630967,0.5101391018630967,0.5101391018630967,1.0
108,0.0,0.4933860100137079,0.49236747948047904,0.5056056185944816,0.5063106300093732,0.5406695062763334,0.5406695062763334,0.5406695062763334,1.0
109,0.0,0.5085892967727529,0.5078358419581509,0.5203585346800411,0.5203585346800411,0.5438714024480755,0.5438714024480755,0.5438714024480755,1.0
110,0.0,0.4817265776177047,0.475575782802703,0.5111394771462868,0.5204458600198397,0.5204458600198397,0.5204458600198397,0.5204458600198397,1.0
111,0.0,0.46903649643282813,0.4607676928453139,0.5276481185446281,0.5290404254371018,0.5290404254371018,0.5309635035671718,0.5309635035671718,1.0
112,0.0,0.5113548196628058,0.5090091590224802,0.5058232229254186,0.512933861460759,0.535741609596541,0.535741609596541,0.535741609596541,1.0
113,0.0,0.47217769569911255,0.4738118142939458,0.5227425340980942,0.5270827893604376,0.5302846642584884,0.5302846642584884,0.5302846642584884,1.0
114,0.0,0.5026328688839266,0.5006809880387341,0.5021270844098825,0.5021270844098825,0.5267707105956357,0.5267707105956357,0.5267707105956357,1.0
115,0.0,0.4804802591259554,0.48606353237892724,0.520758437634479,0.520758437634479,0.5225369801352212,0.5225369801352212,0.5225369801352212,1.0
116,0.0,0.5237306722058703,0.5243858078013888,0.5220348839907014,0.5223154531098473,0.5241662194161875,0.5241662194161875,0.5241662194161875,1.0
117,0.0,0.4859761508485431,0.48793881046693793,0.5135896897943941,0.5138649919994216,0.5151747478864217,0.5151747478864217,0.5151747478864217,1.0
118,0.0,0.488934772892041,0.48600376125508005,0.5183804167855963,0.5183804167855963,0.5183804167855963,0.5183804167855963,0.5183804167855963,1.0
119,0.0,0.5025814860633985,0.5026422311964132,0.5007824395580462,0.5019532765043433,0.5024496531008606,0.5025814860633985,0.5025814860633985,1.0
120,0.0,0.524473361948468,0.528115010011825,0.5220694172004607,0.5237669895580583,0.5252510226123801,0.5252510226123801,0.5252510226123801,1.0
121,0.0,0.4996775520432797,0.49650526808505513,0.5026702637328297,0.5026702637328297,0.5143897894410361,0.5143897894410361,0.5143897894410361,1.0
122,0.0,0.4476408960674721,0.45642700705708394,0.5198976899295219,0.5523591039325281,0.556639873702576,0.556639873702576,0.556639873702576,1.0
123,0.0,0.46928696871503683,0.47126656784795123,0.5289473454579113,0.5306712982722909,0.5306712982722909,0.5307130312849629,0.5307130312849629,1.0
124,0.0,0.5042130147230024,0.5031495877181759,0.5064799879178669,0.5064799879178669,0.5314402909780456,0.5314402909780456,0.5314402909780456,1.0
125,0.0,0.5194241682646298,0.5141813661613219,0.517519325641922,0.5191134041734204,0.5191134041734204,0.5194241682646298,0.5194241682646298,1.0
126,0.0,0.4566544139713703,0.45384813341520824,0.5475757669696971,0.5475757669696971,0.5564331926900692,0.5564331926900692,0.5564331926900692,1.0
127,0.0,0.5165084433739936,0.5123545616593745,0.5154201698298988,0.5168865012128945,0.5175577266187761,0.5175577266187761,0.5175577266187761,1.0
128,0.0,0.49830983031440207,0.5070192990117518,0.5022447141713905,0.5022447141713905,0.5022447141713905,0.5022447141713905,0.5022447141713905,1.0
129,0.0,0.5024857804866456,0.5046028864408902,0.5055450646548052,0.5058706031010751,0.5438130207606258,0.5438130207606258,0.5438130207606258,1.0
130,0.0,0.4756265884070742,0.4787888040315863,0.5106218525846902,0.5168754204555798,0.5253623258997313,0.5253623258997313,0.5253623258997313,1.0
131,0.0,0.5174828537085484,0.5162864550189727,0.5113031181503211,0.5153923024346561,0.5441664899007767,0.5441664899007767,0.5441664899007767,1.0
132,0.0,0.5464673554493651,0.5389005181650564,0.5505082595745702,0.5508272883278447,0.5508272883278447,0.5508272883278447,0.5508272883278447,1.0
133,0.0,0.525776049827869,0.5242790600136696,0.5250353480527882,0.5253275905035015,0.5253275905035015,0.525776049827869,0.525776049827869,1.0
134,0.0,0.5075935895303523,0.5108191939331289,0.5104395407738964,0.5108695652173915,0.5294195670069647,0.5294195670069647,0.5294195670069647,1.0
135,0.0,0.4904726669856353,0.49704595497102705,0.5075347063819684,0.5124221586757611,0.5373369458383848,0.5373369458383848,0.5373369458383848,1.0
136,0.0,0.5177568618463937,0.5148046274966788,0.5014209597234398,0.5214760036710377,0.5214760036710377,0.5214760036710377,0.5214760036710377,1.0
137,0.0,0.48198644385390954,0.48925238058398407,0.5151990492377336,0.5164662892791017,0.5192338086353626,0.5192338086353626,0.5192338086353626,1.0
138,0.0,0.49931783241139466,0.49795520156063855,0.5038548368347772,0.5038548368347772,0.5209269438280199,0.5209269438280199,0.5209269438280199,1.0
139,0.0,0.4939617600146295,0.4950387750471566,0.5017199865895909,0.5049151182046303,0.5049151182046303,0.50603823998537,0.50603823998537,1.0
140,0.0,0.5496810334239883,0.5365360295156583,0.5530534914761445,0.553622656495291,0.553622656495291,0.553622656495291,0.553622656495291,1.0
141,0.0,0.5150058705226882,0.5144938587705681,0.511902076144779,0.5157169781089251,0.5173219270318933,0.5173219270318933,0.5173219270318933,1.0
142,0.0,0.5068720160128012,0.5092090935610866,0.506873460168735,0.507059034206277,0.5117121046262072,0.5117121046262072,0.5117121046262072,1.0
143,0.0,0.5257421833010041,0.5192511662771124,0.5274215791290371,0.5283992910778115,0.5283992910778115,0.5283992910778115,0.5283992910778115,1.0
144,0.0,0.5116388221604405,0.5155553855249648,0.50871229899731,0.5098291945719392,0.5148518868089237,0.5148518868089237,0.5148518868089237,1.0
145,0.0,0.4930411775877452,0.4914178441312832,0.5093180424928261,0.5093180424928261,0.5108463305602003,0.5108463305602003,0.5108463305602003,1.0
146,0.0,0.47994838331080353,0.46600970158228316,0.5179600030538875,0.5179600030538875,0.5189282650774474,0.5200516166891963,0.5200516166891963,1.0
147,0.0,0.49776213466869845,0.5010076237353396,0.5005253325443366,0.502623812300934,0.5334305896893438,0.5334305896893438,0.5334305896893438,1.0
148,0.0,0.4859602204719213,0.47670972052416144,0.5130802097672651,0.5139036800920894,0.5629168904440769,0.5629168904440769,0.5629168904440769,1.0
149,0.0,0.49285225787542025,0.4974585600958237,0.5067428109352313,0.5092873026728529,0.510967859278117,0.510967859278117,0.510967859278117,1.0
150,0.0,0.5456427475147672,0.5456890713778885,0.5463639594430492,0.5463639594430492,0.5463639594430492,0.5463639594430492,0.5463639594430492,1.0
151,0.0,0.4741226495783313,0.4719145383800649,0.5252009740705778,0.52595711962278,0.52595711962278,0.52595711962278,0.52595711962278,1.0
152,0.0,0.5263448675956381,0.5219746545703265,0.5246987013514708,0.5274199264558156,0.5309413791001776,0.5309413791001776,0.5309413791001776,1.0
153,0.0,0.5045124617199976,0.5046026800444793,0.5183628098043171,0.5183628098043171,0.5183628098043171,0.5183628098043171,0.5183628098043171,1.0
154,0.0,0.4614643716443704,0.46013099184387396,0.5475157492932553,0.5475157492932553,0.5651585794441589,0.5651585794441589,0.5651585794441589,1.0
155,0.0,0.4970553723357315,0.4985147318544281,0.5002925343278409,0.5007599355443915,0.5043952057055637,0.5043952057055637,0.5043952057055637,1.0
156,0.0,0.504929942296995,0.4985964585586423,0.502287708090119,0.5055566298771215,0.515430838758656,0.515430838758656,0.515430838758656,1.0
157,0.0,0.48723017590588746,0.48550522076096386,0.5145628710948337,0.5145628710948337,0.5156524563934668,0.5156524563934668,0.5156524563934668,1.0
158,0.0,0.5161256987996872,0.5086508607633788,0.5142729062935268,0.517422993159853,0.529791923493596,0.529791923493596,0.529791923493596,1.0
159,0.0,0.5028365879959955,0.5036775700653965,0.5016128188212524,0.5024226597612858,0.5252650641996232,0.5252650641996232,0.5252650641996232,1.0
160,0.0,0.5006067692784006,0.5034486179604934,0.5043505864054194,0.5043505864054194,0.525570003759482,0.525570003759482,0.525570003759482,1.0
161,0.0,0.5132772995234937,0.5124133988496398,0.5132772995234937,0.5132772995234937,0.5244849034178116,0.5244849034178116,0.5244849034178116,1.0
162,0.0,0.4879988482600425,0.49601269432196726,0.5087786318027758,0.5121098400713566,0.5167392502785815,0.5167392502785815,0.5167392502785815,1.0
163,0.0,0.5037041047880169,0.5000929786362439,0.5046781927359618,0.5046781927359618,0.5203133708201314,0.5203133708201314,0.5203133708201314,1.0
164,0.0,0.5253471024460515,0.5223427009040805,0.5256692822223662,0.5278808874320944,0.5278808874320944,0.5278808874320944,0.5278808874320944,1.0
165,0.0,0.4943974575553814,0.4956792304455413,0.5092972393055754,0.5092972393055754,0.5166939938978375,0.5166939938978375,0.5166939938978375,1.0
166,0.0,0.5303406860270296,0.5365966651891683,0.5301702317732891,0.5320630270005696,0.5327978970463153,0.5327978970463153,0.5327978970463153,1.0
167,0.0,0.5246244636744574,0.5303042849169491,0.5269182163193346,0.5269182163193346,0.5269182163193346,0.5269182163193346,0.5269182163193346,1.0
168,0.0,0.478594470644484,0.4852615658971561,0.527614207881526,0.527614207881526,0.5377891518637731,0.5377891518637731,0.5377891518637731,1.0
169,0.0,0.5043435518225944,0.5040698112717648,0.5004912718003544,0.5078493361518558,0.5078493361518558,0.5078493361518558,0.5078493361518558,1.0
170,0.0,0.5333731133458344,0.5424435174914759,0.5368518495331105,0.5368518495331105,0.5368518495331105,0.5368518495331105,0.5368518495331105,1.0
171,0.0,0.48712404069921805,0.48563409184041983,0.514758454477912,0.514758454477912,0.5167764416622534,0.5167764416622534,0.5167764416622534,1.0
172,0.0,0.5238761946825059,0.5080830440331636,0.5256083422369591,0.5256107778791729,0.5256107778791729,0.5256107778791729,0.5256107778791729,1.0
173,0.0,0.5182491600400005,0.5223770975534686,0.5098262902884547,0.5163117083638549,0.5213555747884111,0.5213555747884111,0.5213555747884111,1.0
174,0.0,0.5087877266769006,0.5100349894458808,0.5076978660961128,0.5086623180621253,0.5086623180621253,0.5087877266769006,0.5087877266769006,1.0
175,0.0,0.495395741506588,0.502937939781203,0.5048669836570876,0.5048669836570876,0.5088097377205302,0.5088097377205302,0.5088097377205302,1.0
176,0.0,0.4878474631269065,0.489293931941595,0.5182145289274197,0.5182145289274197,0.5182145289274197,0.5182145289274197,0.5182145289274197,1.0
177,0.0,0.4510310125855816,0.44683608756032456,0.5373118910014799,0.5443709225600505,0.5443709225600505,0.5489689874144184,0.5489689874144184,1.0
178,0.0,0.5421179804985767,0.5477672438818301,0.5417648347148135,0.5419222923761978,0.5419222923761978,0.5421179804985767,0.5421179804985767,1.0
179,0.0,0.47691929510108216,0.48491032541400303,0.5241747169059654,0.5241747169059654,0.527638459716117,0.527638459716117,0.527638459716117,1.0
180,0.0,0.5110649691273701,0.5032250675255076,0.5132930698097499,0.5133268191709227,0.5233092373608651,0.5233092373608651,0.5233092373608651,1.0
181,0.0,0.4735373909571529,0.47328631676192723,0.527734022284999,0.5282998304612584,0.5395691403840885,0.5395691403840885,0.5395691403840885,1.0
182,0.0,0.4811894249163623,0.47918379214504686,0.5199737224644976,0.5228674246201924,0.5228674246201924,0.5228674246201924,0.5228674246201924,1.0
183,0.0,0.5029680138864249,0.5026352096312509,0.5072018245491476,0.5072018245491476,0.5426986621316356,0.5426986621316356,0.5426986621316356,1.0
184,0.0,0.5081753199270727,0.512723512701797,0.5075949032088961,0.5076326067308764,0.5303964706603145,0.5303964706603145,0.5303964706603145,1.0
185,0.0,0.47414847460789394,0.46651259124235717,0.5274122304626021,0.5274122304626021,0.5274122304626021,0.5274122304626021,0.5274122304626021,1.0
186,0.0,0.4875285222938043,0.492210741542607,0.5090053058339318,0.5110697945566337,0.5352738723925997,0.5352738723925997,0.5352738723925997,1.0
187,0.0,0.5090904943202006,0.5061542971745643,0.5072839472616394,0.5105868899627433,0.5171020111790418,0.5171020111790418,0.5171020111790418,1.0
188,0.0,0.5032410386635148,0.5012598221226497,0.5061314312498962,0.5061314312498962,0.5130262670384762,0.5130262670384762,0.5130262670384762,1.0
189,0.0,0.5122032122783752,0.5147324247554252,0.5136561079623408,0.5152302230088938,0.5176744082654237,0.5176744082654237,0.5176744082654237,1.0
190,0.0,0.47894402803865593,0.47581537449540956,0.5252028639924764,0.5252028639924764,0.565126215064097,0.565126215064097,0.565126215064097,1.0
191,0.0,0.5107064923810624,0.5048480725914459,0.5087677289422707,0.510061188101031,0.5129402927849922,0.5129402927849922,0.5129402927849922,1.0
192,0.0,0.5117223492356113,0.5183915115903548,0.5146044851910685,0.5146044851910685,0.5146044851910685,0.5146044851910685,0.5146044851910685,1.0
193,0.0,0.5442748217174569,0.5402803208896693,0.5433332085412255,0.5455071437809285,0.5455071437809285,0.5455071437809285,0.5455071437809285,1.0
194,0.0,0.4779791208595371,0.47729203773313794,0.5178728925918294,0.5218567888814059,0.5556909897971508,0.5556909897971508,0.5556909897971508,1.0
195,0.0,0.5184740519208051,0.5214817708394879,0.5202276814849603,0.5228696051159797,0.5228696051159797,0.5228696051159797,0.5228696051159797,1.0
196,0.0,0.507564915605716,0.5012333941063377,0.5039161767569332,0.5059597640256834,0.5309990804119359,0.5309990804119359,0.5309990804119359,1.0
197,0.0,0.47809545885523846,0.4828623436339597,0.5244952536893489,0.5249181617432197,0.5562037405785835,0.5562037405785835,0.5562037405785835,1.0
198,0.0,0.467402905722405,0.47518509284179844,0.5355227707882209,0.5355227707882209,0.5485332046432362,0.5485332046432362,0.5485332046432362,1.0
199,0.0,0.4888738256029792,0.48955406214531644,0.5105825067720803,0.5137560339976894,0.5137560339976894,0.5137560339976894,0.5137560339976894,1.0
200,0.0,0.4961742333941235,0.49435947240373784,0.5070608273825515,0.5070608273825515,0.5070608273825515,0.5070608273825515,0.5070608273825515,1.0
201,0.0,0.4831389937145016,0.483293725068162,0.5080273872476864,0.5080273872476864,0.5080273872476864,0.5168610062854982,0.5168610062854982,1.0
202,0.0,0.5326002967727241,0.5327358331817742,0.5331503291525662,0.5331503291525662,0.5331503291525662,0.5331503291525662,0.5331503291525662,1.0
203,0.0,0.545731833823644,0.5532209896660797,0.5207418029702782,0.545731833823644,0.545731833823644,0.545731833823644,0.545731833823644,1.0
204,0.0,0.5155011613385933,0.519325608429032,0.5131352025729236,0.5166543278855041,0.5191328792904001,0.5191328792904001,0.5191328792904001,1.0
205,0.0,0.4778585211515175,0.47346971342265276,0.5270853482285853,0.5270853482285853,0.5270853482285853,0.5270853482285853,0.5270853482285853,1.0
206,0.0,0.5026265334610771,0.5025149457559244,0.5006669307306109,0.5029495604012417,0.5567537174899488,0.5567537174899488,0.5567537174899488,1.0
207,0.0,0.5218443827369244,0.5263390723708549,0.5189809169758658,0.5276540716643411,0.5276540716643411,0.5276540716643411,0.5276540716643411,1.0
208,0.0,0.4761598610258099,0.4676810038924511,0.5238515878584835,0.5260268758742495,0.5431518625808238,0.5431518625808238,0.5431518625808238,1.0
209,0.0,0.5398763116562867,0.5445894414813307,0.5383088125688715,0.5436912751886713,0.5496475850026713,0.5496475850026713,0.5496475850026713,1.0
210,0.0,0.5037078239448174,0.49800711973172357,0.5025515610055041,0.5025515610055041,0.51883020689762,0.51883020689762,0.51883020689762,1.0
211,0.0,0.507711726387725,0.5073418094447038,0.5079188633708782,0.5079188633708782,0.519563097762466,0.519563097762466,0.519563097762466,1.0
212,0.0,0.533510044838644,0.533929907165061,0.5313758236206325,0.5323894295878917,0.5328592178849352,0.533510044838644,0.533510044838644,1.0
213,0.0,0.5251561117312844,0.5279679339051435,0.5213772228528186,0.5221073598434035,0.5535141946760977,0.5535141946760977,0.5535141946760977,1.0
214,0.0,0.5058808225604532,0.5085760431271699,0.5047897235692931,0.5055501175481866,0.5187445648896707,0.5187445648896707,0.5187445648896707,1.0
215,0.0,0.4913237365881385,0.5048725051874986,0.5080001314064465,0.5085987183287546,0.5085987183287546,0.5086762634118615,0.5086762634118615,1.0
216,0.0,0.5320439669757238,0.5370878063844514,0.5287186004651884,0.5315712868446242,0.5334959909078586,0.5334959909078586,0.5334959909078586,1.0
217,0.0,0.5197953396114744,0.5207701653477392,0.517764731960247,0.5209827172117196,0.5209827172117196,0.5209827172117196,0.5209827172117196,1.0
218,0.0,0.49966010273091294,0.5028699736824949,0.5046410079570134,0.5046410079570134,0.5084410223681636,0.5084410223681636,0.5084410223681636,1.0
219,0.0,0.48742835099620696,0.4844358499958172,0.5149946153902643,0.5149946153902643,0.5149946153902643,0.5149946153902643,0.5149946153902643,1.0
220,0.0,0.5265587790291679,0.531999976126102,0.5180248863005605,0.5284290564737057,0.5528394644487808,0.5528394644487808,0.5528394644487808,1.0
221,0.0,0.5134696713796264,0.5157924367450013,0.5134569319114024,0.5134569319114024,0.5134569319114024,0.5134696713796264,0.5134696713796264,1.0
222,0.0,0.4692051814987861,0.472892791418524,0.5302080361289588,0.5302080361289588,0.5574594036157342,0.5574594036157342,0.5574594036157342,1.0
223,0.0,0.49420162350229263,0.4880449455041018,0.5048751969000573,0.5048751969000573,0.5050549810727968,0.5057983764977074,0.5057983764977074,1.0
224,0.0,0.47217709030223276,0.47197008041179167,0.5246426880917143,0.5275251615559362,0.5424148307416325,0.5424148307416325,0.5424148307416325,1.0
225,0.0,0.522965064049879,0.5219454727430858,0.523940742945074,0.5242518545397443,0.5251069703405966,0.5251069703405966,0.5251069703405966,1.0
226,0.0,0.5521825587120124,0.5612157650908539,0.5563513833208651,0.5582358795985479,0.5582358795985479,0.5582358795985479,0.5582358795985479,1.0
227,0.0,0.4701679218102465,0.47311178211325366,0.5279428715480814,0.5305988699599382,0.56413360253761,0.56413360253761,0.56413360253761,1.0
228,0.0,0.48945974564239575,0.4902721245392362,0.5129507163076448,0.5129507163076448,0.5299946423361881,0.5299946423361881,0.5299946423361881,1.0
229,0.0,0.522135123238174,0.5274073547553698,0.5204932650665428,0.5221010174675732,0.5226294975391254,0.5226294975391254,0.5226294975391254,1.0
230,0.0,0.5274756225550997,0.5353974111884999,0.5233626562350918,0.5267310371147791,0.5308920904493842,0.5308920904493842,0.5308920904493842,1.0
231,0.0,0.550780111687752,0.5429351414935986,0.5429162141904198,0.5483944481348275,0.5507260056734865,0.550780111687752,0.550780111687752,1.0
232,0.0,0.4764333976452876,0.48003968389753254,0.5265056498885289,0.5265056498885289,0.5265056498885289,0.5265056498885289,0.5265056498885289,1.0
233,0.0,0.4717844857121217,0.4677720111671914,0.5362179510841582,0.5362179510841582,0.5362179510841582,0.5362179510841582,0.5362179510841582,1.0
234,0.0,0.5021590462474058,0.5040761959173128,0.5010586468085355,0.5011324796451896,0.5171709707341462,0.5171709707341462,0.5171709707341462,1.0
235,0.0,0.5084942997629793,0.5044494618469988,0.5069707462926512,0.5089707737917075,0.5089707737917075,0.5089707737917075,0.5089707737917075,1.0
236,0.0,0.4985155776983927,0.4984658149195301,0.5004857969498413,0.5013165196236254,0.5211835380654483,0.5211835380654483,0.5211835380654483,1.0
237,0.0,0.49424403335079986,0.4954920854583006,0.5069789593147744,0.5069789593147744,0.5080595636933738,0.5080595636933738,0.5080595636933738,1.0
238,0.0,0.45793156529885976,0.4575708097558117,0.526458699089921,0.5433687717368819,0.5476004601615274,0.5476004601615274,0.5476004601615274,1.0
239,0.0,0.5096856995178759,0.5025673372405529,0.5154084037343438,0.5166997135289666,0.5166997135289666,0.5166997135289666,0.5166997135289666,1.0
240,0.0,0.5098661320130662,0.5157822013998284,0.5120202950142188,0.5120202950142188,0.5120202950142188,0.5120202950142188,0.5120202950142188,1.0
241,0.0,0.49311064842431623,0.49369224062339984,0.5096608662636276,0.5096608662636276,0.5305249274754743,0.5305249274754743,0.5305249274754743,1.0
242,0.0,0.5334987219885196,0.5378955392836408,0.5297397900861388,0.5339332114661012,0.5339332114661012,0.5339332114661012,0.5339332114661012,1.0
243,0.0,0.49554472490552887,0.49701673570671423,0.5076054901273088,0.5076054901273088,0.5090456006484135,0.5090456006484135,0.5090456006484135,1.0
244,0.0,0.4545571384898433,0.4541387280806042,0.5133383568832455,0.5454428615101568,0.5612707871329644,0.5612707871329644,0.5612707871329644,1.0
245,0.0,0.49818837452778697,0.49971204950913256,0.5023556339097005,0.5023556339097005,0.5036436363809511,0.5036436363809511,0.5036436363809511,1.0
246,0.0,0.47654781907229554,0.4715216004816284,0.5201049779832225,0.5213582685834395,0.5213582685834395,0.5234521809277044,0.5234521809277044,1.0
247,0.0,0.4889338369224163,0.49028306486185247,0.5272888599620162,0.5272888599620162,0.5310029444634318,0.5310029444634318,0.5310029444634318,1.0
248,0.0,0.5159466660816932,0.5137010336012461,0.5146042301421718,0.5146042301421718,0.534155534541773,0.534155534541773,0.534155534541773,1.0
249,0.0,0.48901261970268695,0.48939993101733387,0.5120481893196039,0.5120481893196039,0.5125157130366923,0.5125157130366923,0.5125157130366923,1.0
250,0.0,0.5217594889822276,0.5234429913380483,0.5236793998456485,0.5257231115135746,0.5257231115135746,0.5257231115135746,0.5257231115135746,1.0
251,0.0,0.5112077889151039,0.5115484005367879,0.5108147258166876,0.5108147258166876,0.5108147258166876,0.5112077889151039,0.5112077889151039,1.0
252,0.0,0.5458136522443042,0.5338514731299853,0.5549286275255354,0.5549286275255354,0.5549286275255354,0.5549286275255354,0.5549286275255354,1.0
253,0.0,0.5172239405908717,0.5259856349920226,0.5120374294068762,0.5161854553766111,0.5195273667048433,0.5195273667048433,0.5195273667048433,1.0
254,0.0,0.5147205875675211,0.5102948948212014,0.5098981012456437,0.5174518645047038,0.5174518645047038,0.5174518645047038,0.5174518645047038,1.0
255,0.0,0.4778892931136963,0.47305070428899265,0.5220097725857564,0.5220097725857564,0.5220097725857564,0.5221107068863037,0.5221107068863037,1.0
256,0.0,0.5167486323323573,0.5098792296348784,0.5193717607451389,0.5193717607451389,0.5193717607451389,0.5193717607451389,0.5193717607451389,1.0
257,0.0,0.5322714632330222,0.531246654746166,0.533924672903824,0.5368372598382122,0.5368372598382122,0.5368372598382122,0.5368372598382122,1.0
258,0.0,0.5231259202355802,0.5377329963992149,0.5246655964439715,0.5246655964439715,0.5246655964439715,0.5246655964439715,0.5246655964439715,1.0
259,0.0,0.4923052376173178,0.4928904294503497,0.523565606103549,0.523565606103549,0.5428080419195773,0.5428080419195773,0.5428080419195773,1.0
260,0.0,0.5022696931911207,0.4993532508584738,0.5052459134514347,0.5052459134514347,0.5408688214741529,0.5408688214741529,0.5408688214741529,1.0
261,0.0,0.5227929581573557,0.5256183399614177,0.5228796729498968,0.5230831770295021,0.5234385573064483,0.5234385573064483,0.5234385573064483,1.0
262,0.0,0.48109985980529013,0.4832078392834693,0.5216619609528431,0.5216619609528431,0.5350392109427005,0.5350392109427005,0.5350392109427005,1.0
263,0.0,0.48682507450318624,0.4847502066236084,0.5123497258325909,0.5138244681195417,0.5309300975608697,0.5309300975608697,0.5309300975608697,1.0
264,0.0,0.5420766305211973,0.5455511456990317,0.5040855763145082,0.5446760394203085,0.5446760394203085,0.5446760394203085,0.5446760394203085,1.0
265,0.0,0.5094720230895811,0.5077879060013184,0.5061804081166522,0.5093048727944725,0.509544178030638,0.509544178030638,0.509544178030638,1.0
266,0.0,0.4868410807840849,0.4926039864303019,0.5093100989711208,0.5093100989711208,0.5099272022170827,0.513158919215915,0.513158919215915,1.0
267,0.0,0.5126965761014886,0.5128938834083114,0.5133061447155974,0.514338549617761,0.5210203406251798,0.5210203406251798,0.5210203406251798,1.0
268,0.0,0.5011360881617228,0.5017746089843101,0.526232192000501,0.526232192000501,0.526232192000501,0.526232192000501,0.526232192000501,1.0
269,0.0,0.5042342864878617,0.5044553808377895,0.5025324610152715,0.5066054052287733,0.5248799706841383,0.5248799706841383,0.5248799706841383,1.0
270,0.0,0.5119338085571337,0.5160135985786384,0.5091963455701909,0.5132487619028263,0.5172114068391692,0.5172114068391692,0.5172114068391692,1.0
271,0.0,0.5267351014308511,0.5279426584909109,0.5256200976613781,0.5274344424945956,0.5444104452764751,0.5444104452764751,0.5444104452764751,1.0
272,0.0,0.4861532762711944,0.48301610393393163,0.5149678095452176,0.5155823330045955,0.5158717067510514,0.5158717067510514,0.5158717067510514,1.0
273,0.0,0.4834623901421538,0.4824491155089586,0.5132301534583705,0.5204506245414051,0.5204506245414051,0.5204506245414051,0.5204506245414051,1.0
274,0.0,0.4998900249040379,0.49525505019111193,0.5088833039295196,0.5088833039295196,0.5663334919977313,0.5663334919977313,0.5663334919977313,1.0
275,0.0,0.5017578680692395,0.50854908625809,0.5009885295854041,0.5038376620741694,0.5038376620741694,0.5038376620741694,0.5038376620741694,1.0
276,0.0,0.544388783582785,0.5585291378123356,0.5355958353041368,0.5454182801698058,0.5454182801698058,0.5454182801698058,0.5454182801698058,1.0
277,0.0,0.5448948988995103,0.5333202662046193,0.5070824604031512,0.542716175526563,0.5442607791166284,0.5448948988995103,0.5448948988995103,1.0
278,0.0,0.5136098902181839,0.5254406875981368,0.5136098902181839,0.535075487316948,0.535075487316948,0.535075487316948,0.535075487316948,1.0
279,0.0,0.4942474691351731,0.49223230603499535,0.5061215834599189,0.5577273700414909,0.5577273700414909,0.5577273700414909,0.5577273700414909,1.0
280,0.0,0.4878739728333069,0.48735977333704694,0.5110235699815856,0.5391989452318017,0.5391989452318017,0.5391989452318017,0.5391989452318017,1.0
281,0.0,0.47810355121508424,0.480579041912474,0.517311455227769,0.5265160185016536,0.5265160185016536,0.5265160185016536,0.5265160185016536,1.0
282,0.0,0.5253431429930585,0.5223050209750382,0.5253431429930585,0.5715418583394138,0.5715418583394138,0.5715418583394138,0.5715418583394138,1.0
283,0.0,0.5345378712436296,0.523285103391717,0.5345378712436296,0.5345378712436296,0.5788328744654682,0.5788328744654682,0.5788328744654682,1.0
284,0.0,0.512444516220069,0.5145778260892115,0.512444516220069,0.512444516220069,0.512444516220069,0.512444516220069,0.512444516220069,1.0
285,0.0,0.49401744268433556,0.4890204127787058,0.5034262722381344,0.5368400486093532,0.5368400486093532,0.5368400486093532,0.5368400486093532,1.0
286,0.0,0.5103786162929242,0.5075623169463811,0.5103786162929242,0.5538494067425882,0.5538494067425882,0.5538494067425882,0.5538494067425882,1.0
287,0.0,0.4982264907966365,0.4990569478390236,0.5072537803528426,0.5192602973867778,0.5192602973867778,0.5192602973867778,0.5192602973867778,1.0
288,0.0,0.5312167108648244,0.5342887415498012,0.5312167108648244,0.5312167108648244,0.5312167108648244,0.5312167108648244,0.5312167108648244,1.0
289,0.0,0.5093308470574716,0.5123946771410613,0.5093308470574716,0.5375281403596738,0.5375281403596738,0.5375281403596738,0.5375281403596738,1.0
290,0.0,0.5223715329746638,0.5240739452287527,0.5223715329746638,0.5223715329746638,0.5223715329746638,0.5223715329746638,0.5223715329746638,1.0
291,0.0,0.5307808786155644,0.5283131207360926,0.5307808786155644,0.5307808786155644,0.5307808786155644,0.5307808786155644,0.5307808786155644,1.0
292,0.0,0.5003274855647069,0.5017580695223859,0.5005924050404594,0.5234938482315773,0.5234938482315773,0.5234938482315773,0.5234938482315773,1.0
293,0.0,0.5029821825701969,0.5057422303337384,0.5029821825701969,0.5310158382724899,0.5310158382724899,0.5310158382724899,0.5310158382724899,1.0
294,0.0,0.5179915097151379,0.5167599440425249,0.5179915097151379,0.5541611435660072,0.5541611435660072,0.5541611435660072,0.5541611435660072,1.0
295,0.0,0.48668940038774067,0.48456248248917044,0.520285758964508,0.546053110900636,0.546053110900636,0.546053110900636,0.546053110900636,1.0
296,0.0,0.47794491061047256,0.4791659059792099,0.5321925624423429,0.5321925624423429,0.5321925624423429,0.5321925624423429,0.5321925624423429,1.0
297,0.0,0.513159281546679,0.5170445400755944,0.513159281546679,0.5234599031933447,0.5234599031933447,0.5234599031933447,0.5234599031933447,1.0
298,0.0,0.4913665203581873,0.491139224179154,0.5090267256262994,0.5179700831038874,0.5179700831038874,0.5179700831038874,0.5179700831038874,1.0
299,0.0,0.46603552050703045,0.464808069341993,0.5339960112346744,0.58266248487595,0.58266248487595,0.58266248487595,0.58266248487595,1.0
300,0.0,0.5380930089436983,0.5555510353541246,0.5380930089436983,0.5380930089436983,0.5380930089436983,0.5380930089436983,0.5380930089436983,1.0
301,0.0,0.507710127158548,0.5063954405681294,0.507710127158548,0.507710127158548,0.507710127158548,0.507710127158548,0.507710127158548,1.0
302,0.0,0.5342640253122263,0.530141787714186,0.5342640253122263,0.5342640253122263,0.5342640253122263,0.5342640253122263,0.5342640253122263,1.0
303,0.0,0.5024897665328066,0.5044756721177968,0.5024897665328066,0.5024897665328066,0.5024897665328066,0.5024897665328066,0.5024897665328066,1.0
304,0.0,0.49111111242260624,0.4901763082212841,0.5089667903865573,0.5192319609258389,0.5192319609258389,0.5192319609258389,0.5192319609258389,1.0
305,0.0,0.47916909194674506,0.47659902067584786,0.535816062973048,0.535816062973048,0.535816062973048,0.535816062973048,0.535816062973048,1.0
306,0.0,0.5156606047468265,0.5144829303666313,0.5156606047468265,0.5707082046239893,0.5707082046239893,0.5707082046239893,0.5707082046239893,1.0
307,0.0,0.49299476357505656,0.4919982711939477,0.5011894471392546,0.516478307770341,0.516478307770341,0.516478307770341,0.516478307770341,1.0
308,0.0,0.46822952716530875,0.4719864369042972,0.5337624808834501,0.5337624808834501,0.5337624808834501,0.5337624808834501,0.5337624808834501,1.0
309,0.0,0.5065776530004366,0.5101483876300836,0.5065776530004366,0.5146464420003459,0.5146464420003459,0.5146464420003459,0.5146464420003459,1.0
310,0.0,0.553234953814401,0.5447943331147447,0.553234953814401,0.553234953814401,0.553234953814401,0.553234953814401,0.553234953814401,1.0
311,0.0,0.4605392358695496,0.46343354204231896,0.5493623727514094,0.5493623727514094,0.5493623727514094,0.5493623727514094,0.5493623727514094,1.0
312,0.0,0.5100266111680188,0.5129463784061121,0.5100266111680188,0.5153797375737775,0.5153797375737775,0.5153797375737775,0.5153797375737775,1.0
313,0.0,0.5088890682179409,0.5080533836969507,0.5088890682179409,0.5184931414156047,0.5184931414156047,0.5184931414156047,0.5184931414156047,1.0
314,0.0,0.49146971002467427,0.4888988633830818,0.5130662145144551,0.5148905681462578,0.5148905681462578,0.5148905681462578,0.5148905681462578,1.0
315,0.0,0.5020477652182245,0.4922871915686151,0.5020477652182245,0.5020477652182245,0.5020477652182245,0.5020477652182245,0.5020477652182245,1.0
316,0.0,0.5190131130928192,0.5200534944956691,0.5190131130928192,0.5241414781714998,0.5241414781714998,0.5241414781714998,0.5241414781714998,1.0
317,0.0,0.4923049664504804,0.49442966058410653,0.5076950335495195,0.5090244932401808,0.552222506108867,0.552222506108867,0.552222506108867,1.0
318,0.0,0.4660151221298438,0.46467827036033693,0.5401319009937534,0.5401319009937534,0.5401319009937534,0.5401319009937534,0.5401319009937534,1.0
319,0.0,0.49347458849220244,0.4948887710045803,0.5097791042623765,0.5097791042623765,0.5097791042623765,0.5097791042623765,0.5097791042623765,1.0
320,0.0,0.5042395199371607,0.5066546621639068,0.5042395199371607,0.5100035079849793,0.5100035079849793,0.5100035079849793,0.5100035079849793,1.0
321,0.0,0.46629596688578295,0.46408301038626476,0.5351200701321039,0.5351200701321039,0.5351200701321039,0.5351200701321039,0.5351200701321039,1.0
322,0.0,0.486591504864873,0.4927283694835745,0.514450082583305,0.5192315529989014,0.5192315529989014,0.5192315529989014,0.5192315529989014,1.0
323,0.0,0.5039283963343348,0.5109993750482632,0.5039283963343348,0.508395544165948,0.508395544165948,0.508395544165948,0.508395544165948,1.0
324,0.0,0.5146090171820924,0.5182903360246122,0.5146090171820924,0.5279999407050814,0.5279999407050814,0.5279999407050814,0.5279999407050814,1.0
325,0.0,0.5305780096727627,0.5259482634292758,0.5305780096727627,0.567472444621508,0.567472444621508,0.567472444621508,0.567472444621508,1.0
326,0.0,0.48351809334521284,0.47830025072533305,0.5104375128503873,0.5270684839969846,0.5270684839969846,0.5270684839969846,0.5270684839969846,1.0
327,0.0,0.5163619590176628,0.5182564100837468,0.5163619590176628,0.5163619590176628,0.5163619590176628,0.5163619590176628,0.5163619590176628,1.0
328,0.0,0.46691232683457823,0.4651621988409599,0.5310744421102106,0.5330876731654217,0.5330876731654217,0.5330876731654217,0.5330876731654217,1.0
329,0.0,0.48097693636821454,0.4776033355558088,0.5174040723210125,0.5598730155305857,0.5598730155305857,0.5598730155305857,0.5598730155305857,1.0
330,0.0,0.5152660692741888,0.5102286679377412,0.5152660692741888,0.542806226383015,0.542806226383015,0.542806226383015,0.542806226383015,1.0
331,0.0,0.4918706522457225,0.4842531933819162,0.5057836993778941,0.5193608201552086,0.5361314590245715,0.5361314590245715,0.5361314590245715,1.0
332,0.0,0.4688847064537672,0.4712165522689931,0.5230152813705029,0.5311152935462329,0.5311152935462329,0.5311152935462329,0.5311152935462329,1.0
333,0.0,0.4901449120140326,0.48609780695019217,0.5112623244013307,0.5752511516251134,0.5752511516251134,0.5752511516251134,0.5752511516251134,1.0
334,0.0,0.5384108590419406,0.5346884675561855,0.5384108590419406,0.5384108590419406,0.5384108590419406,0.5384108590419406,0.5384108590419406,1.0
335,0.0,0.5298133291461183,0.5279430644292925,0.5298133291461183,0.5298133291461183,0.5298133291461183,0.5298133291461183,0.5298133291461183,1.0
336,0.0,0.5183245222955798,0.5177517597262036,0.5183245222955798,0.5183245222955798,0.5183245222955798,0.5183245222955798,0.5183245222955798,1.0
337,0.0,0.5029831537836792,0.5004928097568725,0.5029831537836792,0.5095677245962293,0.5095677245962293,0.5095677245962293,0.5095677245962293,1.0
338,0.0,0.4867513825155901,0.48506132697361076,0.5192402726112574,0.5372141066369807,0.5372141066369807,0.5372141066369807,0.5372141066369807,1.0
339,0.0,0.5056374768117193,0.5044633052109811,0.5056374768117193,0.510504966933995,0.5155087184021069,0.5155087184021069,0.5155087184021069,1.0
340,0.0,0.514601481101069,0.5087464592733534,0.514601481101069,0.514601481101069,0.5242421016382649,0.5242421016382649,0.5242421016382649,1.0
341,0.0,0.483207199571526,0.4812935927573761,0.516792800428474,0.5207706974935592,0.5237577956626317,0.5237577956626317,0.5237577956626317,1.0
342,0.0,0.4662051632255541,0.46730994919886354,0.5337948367744461,0.5498151978374665,0.55923229100537,0.55923229100537,0.55923229100537,1.0
343,0.0,0.4799147655179317,0.4831386292954094,0.5269972967040976,0.5269972967040976,0.5403598006950635,0.5403598006950635,0.5403598006950635,1.0
344,0.0,0.4984506114401644,0.49953082168086865,0.5028708057894832,0.5641832760575969,0.5641832760575969,0.5641832760575969,0.5641832760575969,1.0
345,0.0,0.5044099607545474,0.5038972421102803,0.5044099607545474,0.5469406741234449,0.5469406741234449,0.5469406741234449,0.5469406741234449,1.0
346,0.0,0.5042622570994788,0.5065431024097451,0.5042622570994788,0.5052303647508746,0.5052303647508746,0.5052303647508746,0.5052303647508746,1.0
347,0.0,0.4894053249997862,0.4884833783938949,0.5125697194581538,0.5125697194581538,0.566236887143316,0.566236887143316,0.566236887143316,1.0
348,0.0,0.5223885725472307,0.5148519978428134,0.5223885725472307,0.5223885725472307,0.527688026868231,0.527688026868231,0.527688026868231,1.0
349,0.0,0.5074044336058019,0.5055893731310421,0.5074044336058019,0.5226113736344157,0.5586098403759916,0.5586098403759916,0.5586098403759916,1.0
350,0.0,0.5186286656551419,0.5241888972683844,0.5186286656551419,0.5585330197007922,0.5585330197007922,0.5585330197007922,0.5585330197007922,1.0
351,0.0,0.5330626305639778,0.5273205651567422,0.5330626305639778,0.5330626305639778,0.5330626305639778,0.5330626305639778,0.5330626305639778,1.0
352,0.0,0.49563988037284784,0.49435907215096553,0.5040240543505847,0.5458519271547445,0.5458519271547445,0.5458519271547445,0.5458519271547445,1.0
353,0.0,0.5247450278804341,0.5222530154833261,0.5247450278804341,0.5581434373245225,0.5581434373245225,0.5581434373245225,0.5581434373245225,1.0
354,0.0,0.5369498324773543,0.5375708472470584,0.5369498324773543,0.5369498324773543,0.5369498324773543,0.5369498324773543,0.5369498324773543,1.0
355,0.0,0.5060325866087672,0.5004447650604297,0.5060325866087672,0.5686776986740533,0.5686776986740533,0.5686776986740533,0.5686776986740533,1.0
356,0.0,0.5000309133745074,0.4956304607152031,0.5000309133745074,0.5532668528837685,0.5532668528837685,0.5532668528837685,0.5532668528837685,1.0
357,0.0,0.47476824217258917,0.471325571260631,0.5267315002221455,0.5267315002221455,0.5779329512478272,0.5779329512478272,0.5779329512478272,1.0
358,0.0,0.5034249301319268,0.5058678422177613,0.5034249301319268,0.5324335775399299,0.5324335775399299,0.5324335775399299,0.5324335775399299,1.0
359,0.0,0.4971831754121758,0.49805382753009697,0.4971831754121758,0.5363750958283968,0.5363750958283968,0.5363750958283968,0.5363750958283968,1.0
360,0.0,0.5061558067238856,0.5025703868605462,0.5061558067238856,0.5061558067238856,0.5551842714342091,0.5551842714342091,0.5551842714342091,1.0
361,0.0,0.5600315623132369,0.5624490143157637,0.5600315623132369,0.5600315623132369,0.5600315623132369,0.5600315623132369,0.5600315623132369,1.0
362,0.0,0.5272708766365957,0.518603867115235,0.5272708766365957,0.5272708766365957,0.5272708766365957,0.5272708766365957,0.5272708766365957,1.0
363,0.0,0.500199762748058,0.4968576562761811,0.500199762748058,0.5004691922733766,0.5004691922733766,0.5004691922733766,0.5004691922733766,1.0
364,0.0,0.5133443223504273,0.5106268184239926,0.5133443223504273,0.5141743320338744,0.5141743320338744,0.5141743320338744,0.5141743320338744,1.0
